<?xml version="1.0" encoding="UTF-8" standalone="yes" ?>
<package id="manifest-0-042-34db-b2ffd9">
    <release tarname="automake1.10-1.10.2-1-mingw32-bin.tar.lzma" />
    <references>
        <sysroot id="sysroot-0-002-a7c6-d7dbb5" />
    </references>
    <manifest>
        <dir path="bin" />
        <file path="bin/aclocal-1.10" />
        <file path="bin/automake-1.10" />
        <dir path="share/aclocal-1.10" />
        <file path="share/aclocal-1.10/amversion.m4" />
        <file path="share/aclocal-1.10/as.m4" />
        <file path="share/aclocal-1.10/auxdir.m4" />
        <file path="share/aclocal-1.10/ccstdc.m4" />
        <file path="share/aclocal-1.10/cond.m4" />
        <file path="share/aclocal-1.10/depend.m4" />
        <file path="share/aclocal-1.10/depout.m4" />
        <file path="share/aclocal-1.10/dmalloc.m4" />
        <file path="share/aclocal-1.10/gcj.m4" />
        <file path="share/aclocal-1.10/header.m4" />
        <file path="share/aclocal-1.10/init.m4" />
        <file path="share/aclocal-1.10/install-sh.m4" />
        <file path="share/aclocal-1.10/lead-dot.m4" />
        <file path="share/aclocal-1.10/lex.m4" />
        <file path="share/aclocal-1.10/lispdir.m4" />
        <file path="share/aclocal-1.10/maintainer.m4" />
        <file path="share/aclocal-1.10/make.m4" />
        <file path="share/aclocal-1.10/minuso.m4" />
        <file path="share/aclocal-1.10/missing.m4" />
        <file path="share/aclocal-1.10/mkdirp.m4" />
        <file path="share/aclocal-1.10/multi.m4" />
        <file path="share/aclocal-1.10/obsol-gt.m4" />
        <file path="share/aclocal-1.10/obsol-lt.m4" />
        <file path="share/aclocal-1.10/obsolete.m4" />
        <file path="share/aclocal-1.10/options.m4" />
        <file path="share/aclocal-1.10/protos.m4" />
        <file path="share/aclocal-1.10/python.m4" />
        <file path="share/aclocal-1.10/regex.m4" />
        <file path="share/aclocal-1.10/runlog.m4" />
        <file path="share/aclocal-1.10/sanity.m4" />
        <file path="share/aclocal-1.10/strip.m4" />
        <file path="share/aclocal-1.10/substnot.m4" />
        <file path="share/aclocal-1.10/tar.m4" />
        <file path="share/aclocal-1.10/upc.m4" />
        <dir path="share/automake-1.10" />
        <file path="share/automake-1.10/acinstall" />
        <dir path="share/automake-1.10/am" />
        <file path="share/automake-1.10/am/ansi2knr.am" />
        <file path="share/automake-1.10/am/check.am" />
        <file path="share/automake-1.10/am/clean-hdr.am" />
        <file path="share/automake-1.10/am/clean.am" />
        <file path="share/automake-1.10/am/compile.am" />
        <file path="share/automake-1.10/am/configure.am" />
        <file path="share/automake-1.10/am/data.am" />
        <file path="share/automake-1.10/am/dejagnu.am" />
        <file path="share/automake-1.10/am/depend.am" />
        <file path="share/automake-1.10/am/depend2.am" />
        <file path="share/automake-1.10/am/distdir.am" />
        <file path="share/automake-1.10/am/footer.am" />
        <file path="share/automake-1.10/am/header-vars.am" />
        <file path="share/automake-1.10/am/header.am" />
        <file path="share/automake-1.10/am/inst-vars.am" />
        <file path="share/automake-1.10/am/install.am" />
        <file path="share/automake-1.10/am/java.am" />
        <file path="share/automake-1.10/am/lang-compile.am" />
        <file path="share/automake-1.10/am/lex.am" />
        <file path="share/automake-1.10/am/library.am" />
        <file path="share/automake-1.10/am/libs.am" />
        <file path="share/automake-1.10/am/libtool.am" />
        <file path="share/automake-1.10/am/lisp.am" />
        <file path="share/automake-1.10/am/ltlib.am" />
        <file path="share/automake-1.10/am/ltlibrary.am" />
        <file path="share/automake-1.10/am/mans-vars.am" />
        <file path="share/automake-1.10/am/mans.am" />
        <file path="share/automake-1.10/am/multilib.am" />
        <file path="share/automake-1.10/am/program.am" />
        <file path="share/automake-1.10/am/progs.am" />
        <file path="share/automake-1.10/am/python.am" />
        <file path="share/automake-1.10/am/remake-hdr.am" />
        <file path="share/automake-1.10/am/scripts.am" />
        <file path="share/automake-1.10/am/subdirs.am" />
        <file path="share/automake-1.10/am/tags.am" />
        <file path="share/automake-1.10/am/texi-vers.am" />
        <file path="share/automake-1.10/am/texibuild.am" />
        <file path="share/automake-1.10/am/texinfos.am" />
        <file path="share/automake-1.10/am/yacc.am" />
        <file path="share/automake-1.10/ansi2knr.1" />
        <file path="share/automake-1.10/ansi2knr.c" />
        <dir path="share/automake-1.10/Automake" />
        <file path="share/automake-1.10/Automake/ChannelDefs.pm" />
        <file path="share/automake-1.10/Automake/Channels.pm" />
        <file path="share/automake-1.10/Automake/Condition.pm" />
        <file path="share/automake-1.10/Automake/Config.pm" />
        <file path="share/automake-1.10/Automake/Configure_ac.pm" />
        <file path="share/automake-1.10/Automake/DisjConditions.pm" />
        <file path="share/automake-1.10/Automake/FileUtils.pm" />
        <file path="share/automake-1.10/Automake/General.pm" />
        <file path="share/automake-1.10/Automake/Item.pm" />
        <file path="share/automake-1.10/Automake/ItemDef.pm" />
        <file path="share/automake-1.10/Automake/Location.pm" />
        <file path="share/automake-1.10/Automake/Options.pm" />
        <file path="share/automake-1.10/Automake/Rule.pm" />
        <file path="share/automake-1.10/Automake/RuleDef.pm" />
        <file path="share/automake-1.10/Automake/Struct.pm" />
        <file path="share/automake-1.10/Automake/VarDef.pm" />
        <file path="share/automake-1.10/Automake/Variable.pm" />
        <file path="share/automake-1.10/Automake/Version.pm" />
        <file path="share/automake-1.10/Automake/Wrap.pm" />
        <file path="share/automake-1.10/Automake/XFile.pm" />
        <file path="share/automake-1.10/compile" />
        <file path="share/automake-1.10/config-ml.in" />
        <file path="share/automake-1.10/config.guess" />
        <file path="share/automake-1.10/config.sub" />
        <file path="share/automake-1.10/COPYING" />
        <file path="share/automake-1.10/depcomp" />
        <file path="share/automake-1.10/elisp-comp" />
        <file path="share/automake-1.10/INSTALL" />
        <file path="share/automake-1.10/install-sh" />
        <file path="share/automake-1.10/mdate-sh" />
        <file path="share/automake-1.10/missing" />
        <file path="share/automake-1.10/mkinstalldirs" />
        <file path="share/automake-1.10/py-compile" />
        <file path="share/automake-1.10/symlink-tree" />
        <file path="share/automake-1.10/texinfo.tex" />
        <file path="share/automake-1.10/ylwrap" />
        <dir path="share/aclocal" />
    </manifest>
</package>
