<?xml version="1.0" encoding="UTF-8" standalone="yes" ?>
<package id="manifest-0-034-83de-5a2bdc">
    <release tarname="libiconv-1.14-4-mingw32-dev.tar.xz" />
    <references>
        <sysroot id="sysroot-0-002-a7c6-d7dbb5" />
    </references>
    <manifest>
        <dir path="include" />
        <file path="include/localcharset.h" />
        <file path="include/libcharset.h" />
        <file path="include/iconv.h" />
        <dir path="lib" />
        <file path="lib/libcharset.a" />
        <file path="lib/charset.alias" />
        <file path="lib/libiconv.dll.a" />
        <file path="lib/libiconv.a" />
        <file path="lib/libcharset.dll.a" />
    </manifest>
</package>
