<?xml version="1.0" encoding="UTF-8" standalone="yes" ?>
<package id="manifest-0-040-2c50-af8688">
    <release tarname="texinfo-4.13a-2-msys-1.0.13-bin.tar.lzma" />
    <references>
        <sysroot id="sysroot-0-011-664d-7cd9c6" />
    </references>
    <manifest>
        <dir path="bin" />
        <file path="bin/info.exe" />
        <file path="bin/infokey.exe" />
        <file path="bin/install-info.exe" />
        <file path="bin/install-info.exe.manifest" />
        <file path="bin/makeinfo.exe" />
        <file path="bin/pdftexi2dvi" />
        <file path="bin/texi2dvi" />
        <file path="bin/texi2pdf" />
        <file path="bin/texindex.exe" />
        <dir path="share/texinfo" />
        <file path="share/texinfo/texinfo.cat" />
        <file path="share/texinfo/texinfo.dtd" />
        <file path="share/texinfo/texinfo.xsl" />
    </manifest>
</package>
