<?xml version="1.0" encoding="UTF-8" standalone="yes" ?>
<package id="manifest-0-040-c89e-595407">
    <release tarname="inetutils-1.7-1-msys-1.0.13-bin.tar.lzma" />
    <references>
        <sysroot id="sysroot-0-011-664d-7cd9c6" />
    </references>
    <manifest>
        <dir path="bin" />
        <file path="bin/ftp.exe" />
        <file path="bin/rcp.exe" />
        <file path="bin/rexec.exe" />
        <file path="bin/rlogin.exe" />
        <file path="bin/rsh.exe" />
        <file path="bin/telnet.exe" />
        <file path="bin/tftp.exe" />
    </manifest>
</package>
