<?xml version="1.0" encoding="UTF-8" standalone="yes" ?>
<package id="manifest-0-034-f1c3-9ef08b">
    <release tarname="gcc-c++-8.2.0-3-mingw32-bin.tar.xz" />
    <references>
        <sysroot id="sysroot-0-002-a7c6-d7dbb5" />
    </references>
    <manifest>
        <file path="bin/c++.exe" />
        <file path="bin/g++.exe" />
        <file path="bin/mingw32-c++.exe" />
        <file path="bin/mingw32-g++.exe" />
        <file path="libexec/gcc/mingw32/8.2.0/cc1plus.exe" />
        <dir path="lib/gcc/mingw32/8.2.0/debug" />
        <file path="lib/gcc/mingw32/8.2.0/debug/libstdc++.a" />
        <file path="lib/gcc/mingw32/8.2.0/debug/libstdc++.dll.a" />
        <dir path="lib/gcc/mingw32/8.2.0/include/c++" />
        <file path="lib/gcc/mingw32/8.2.0/include/c++/scoped_allocator" />
        <file path="lib/gcc/mingw32/8.2.0/include/c++/mutex" />
        <file path="lib/gcc/mingw32/8.2.0/include/c++/forward_list" />
        <file path="lib/gcc/mingw32/8.2.0/include/c++/any" />
        <file path="lib/gcc/mingw32/8.2.0/include/c++/cmath" />
        <file path="lib/gcc/mingw32/8.2.0/include/c++/cstring" />
        <file path="lib/gcc/mingw32/8.2.0/include/c++/istream" />
        <file path="lib/gcc/mingw32/8.2.0/include/c++/ios" />
        <file path="lib/gcc/mingw32/8.2.0/include/c++/cfloat" />
        <file path="lib/gcc/mingw32/8.2.0/include/c++/iosfwd" />
        <file path="lib/gcc/mingw32/8.2.0/include/c++/complex" />
        <file path="lib/gcc/mingw32/8.2.0/include/c++/shared_mutex" />
        <file path="lib/gcc/mingw32/8.2.0/include/c++/cstdarg" />
        <dir path="lib/gcc/mingw32/8.2.0/include/c++/mingw32" />
        <dir path="lib/gcc/mingw32/8.2.0/include/c++/mingw32/bits" />
        <file path="lib/gcc/mingw32/8.2.0/include/c++/mingw32/bits/stdtr1c++.h" />
        <file path="lib/gcc/mingw32/8.2.0/include/c++/mingw32/bits/c++locale.h" />
        <file path="lib/gcc/mingw32/8.2.0/include/c++/mingw32/bits/ctype_inline.h" />
        <file path="lib/gcc/mingw32/8.2.0/include/c++/mingw32/bits/error_constants.h" />
        <file path="lib/gcc/mingw32/8.2.0/include/c++/mingw32/bits/opt_random.h" />
        <file path="lib/gcc/mingw32/8.2.0/include/c++/mingw32/bits/messages_members.h" />
        <file path="lib/gcc/mingw32/8.2.0/include/c++/mingw32/bits/cpu_defines.h" />
        <file path="lib/gcc/mingw32/8.2.0/include/c++/mingw32/bits/gthr-default.h" />
        <file path="lib/gcc/mingw32/8.2.0/include/c++/mingw32/bits/extc++.h" />
        <file path="lib/gcc/mingw32/8.2.0/include/c++/mingw32/bits/c++config.h" />
        <file path="lib/gcc/mingw32/8.2.0/include/c++/mingw32/bits/c++io.h" />
        <file path="lib/gcc/mingw32/8.2.0/include/c++/mingw32/bits/ctype_base.h" />
        <file path="lib/gcc/mingw32/8.2.0/include/c++/mingw32/bits/c++allocator.h" />
        <file path="lib/gcc/mingw32/8.2.0/include/c++/mingw32/bits/atomic_word.h" />
        <file path="lib/gcc/mingw32/8.2.0/include/c++/mingw32/bits/gthr-single.h" />
        <file path="lib/gcc/mingw32/8.2.0/include/c++/mingw32/bits/gthr-posix.h" />
        <file path="lib/gcc/mingw32/8.2.0/include/c++/mingw32/bits/stdc++.h" />
        <file path="lib/gcc/mingw32/8.2.0/include/c++/mingw32/bits/os_defines.h" />
        <file path="lib/gcc/mingw32/8.2.0/include/c++/mingw32/bits/basic_file.h" />
        <file path="lib/gcc/mingw32/8.2.0/include/c++/mingw32/bits/gthr.h" />
        <file path="lib/gcc/mingw32/8.2.0/include/c++/mingw32/bits/cxxabi_tweaks.h" />
        <file path="lib/gcc/mingw32/8.2.0/include/c++/mingw32/bits/time_members.h" />
        <dir path="lib/gcc/mingw32/8.2.0/include/c++/mingw32/ext" />
        <file path="lib/gcc/mingw32/8.2.0/include/c++/mingw32/ext/opt_random.h" />
        <file path="lib/gcc/mingw32/8.2.0/include/c++/cinttypes" />
        <file path="lib/gcc/mingw32/8.2.0/include/c++/math.h" />
        <file path="lib/gcc/mingw32/8.2.0/include/c++/cctype" />
        <file path="lib/gcc/mingw32/8.2.0/include/c++/system_error" />
        <dir path="lib/gcc/mingw32/8.2.0/include/c++/tr1" />
        <file path="lib/gcc/mingw32/8.2.0/include/c++/tr1/ell_integral.tcc" />
        <file path="lib/gcc/mingw32/8.2.0/include/c++/tr1/limits.h" />
        <file path="lib/gcc/mingw32/8.2.0/include/c++/tr1/cmath" />
        <file path="lib/gcc/mingw32/8.2.0/include/c++/tr1/cfloat" />
        <file path="lib/gcc/mingw32/8.2.0/include/c++/tr1/complex" />
        <file path="lib/gcc/mingw32/8.2.0/include/c++/tr1/cstdarg" />
        <file path="lib/gcc/mingw32/8.2.0/include/c++/tr1/functional_hash.h" />
        <file path="lib/gcc/mingw32/8.2.0/include/c++/tr1/cinttypes" />
        <file path="lib/gcc/mingw32/8.2.0/include/c++/tr1/math.h" />
        <file path="lib/gcc/mingw32/8.2.0/include/c++/tr1/cctype" />
        <file path="lib/gcc/mingw32/8.2.0/include/c++/tr1/hashtable.h" />
        <file path="lib/gcc/mingw32/8.2.0/include/c++/tr1/wchar.h" />
        <file path="lib/gcc/mingw32/8.2.0/include/c++/tr1/gamma.tcc" />
        <file path="lib/gcc/mingw32/8.2.0/include/c++/tr1/modified_bessel_func.tcc" />
        <file path="lib/gcc/mingw32/8.2.0/include/c++/tr1/ctype.h" />
        <file path="lib/gcc/mingw32/8.2.0/include/c++/tr1/tuple" />
        <file path="lib/gcc/mingw32/8.2.0/include/c++/tr1/regex" />
        <file path="lib/gcc/mingw32/8.2.0/include/c++/tr1/ctime" />
        <file path="lib/gcc/mingw32/8.2.0/include/c++/tr1/poly_hermite.tcc" />
        <file path="lib/gcc/mingw32/8.2.0/include/c++/tr1/complex.h" />
        <file path="lib/gcc/mingw32/8.2.0/include/c++/tr1/cstdlib" />
        <file path="lib/gcc/mingw32/8.2.0/include/c++/tr1/unordered_set" />
        <file path="lib/gcc/mingw32/8.2.0/include/c++/tr1/special_function_util.h" />
        <file path="lib/gcc/mingw32/8.2.0/include/c++/tr1/poly_laguerre.tcc" />
        <file path="lib/gcc/mingw32/8.2.0/include/c++/tr1/stdarg.h" />
        <file path="lib/gcc/mingw32/8.2.0/include/c++/tr1/inttypes.h" />
        <file path="lib/gcc/mingw32/8.2.0/include/c++/tr1/cwctype" />
        <file path="lib/gcc/mingw32/8.2.0/include/c++/tr1/unordered_set.h" />
        <file path="lib/gcc/mingw32/8.2.0/include/c++/tr1/functional" />
        <file path="lib/gcc/mingw32/8.2.0/include/c++/tr1/ccomplex" />
        <file path="lib/gcc/mingw32/8.2.0/include/c++/tr1/utility" />
        <file path="lib/gcc/mingw32/8.2.0/include/c++/tr1/array" />
        <file path="lib/gcc/mingw32/8.2.0/include/c++/tr1/random" />
        <file path="lib/gcc/mingw32/8.2.0/include/c++/tr1/wctype.h" />
        <file path="lib/gcc/mingw32/8.2.0/include/c++/tr1/cstdint" />
        <file path="lib/gcc/mingw32/8.2.0/include/c++/tr1/float.h" />
        <file path="lib/gcc/mingw32/8.2.0/include/c++/tr1/climits" />
        <file path="lib/gcc/mingw32/8.2.0/include/c++/tr1/cstdio" />
        <file path="lib/gcc/mingw32/8.2.0/include/c++/tr1/memory" />
        <file path="lib/gcc/mingw32/8.2.0/include/c++/tr1/riemann_zeta.tcc" />
        <file path="lib/gcc/mingw32/8.2.0/include/c++/tr1/bessel_function.tcc" />
        <file path="lib/gcc/mingw32/8.2.0/include/c++/tr1/hypergeometric.tcc" />
        <file path="lib/gcc/mingw32/8.2.0/include/c++/tr1/stdint.h" />
        <file path="lib/gcc/mingw32/8.2.0/include/c++/tr1/fenv.h" />
        <file path="lib/gcc/mingw32/8.2.0/include/c++/tr1/stdbool.h" />
        <file path="lib/gcc/mingw32/8.2.0/include/c++/tr1/cfenv" />
        <file path="lib/gcc/mingw32/8.2.0/include/c++/tr1/hashtable_policy.h" />
        <file path="lib/gcc/mingw32/8.2.0/include/c++/tr1/stdlib.h" />
        <file path="lib/gcc/mingw32/8.2.0/include/c++/tr1/type_traits" />
        <file path="lib/gcc/mingw32/8.2.0/include/c++/tr1/cstdbool" />
        <file path="lib/gcc/mingw32/8.2.0/include/c++/tr1/unordered_map" />
        <file path="lib/gcc/mingw32/8.2.0/include/c++/tr1/beta_function.tcc" />
        <file path="lib/gcc/mingw32/8.2.0/include/c++/tr1/ctgmath" />
        <file path="lib/gcc/mingw32/8.2.0/include/c++/tr1/random.h" />
        <file path="lib/gcc/mingw32/8.2.0/include/c++/tr1/unordered_map.h" />
        <file path="lib/gcc/mingw32/8.2.0/include/c++/tr1/random.tcc" />
        <file path="lib/gcc/mingw32/8.2.0/include/c++/tr1/tgmath.h" />
        <file path="lib/gcc/mingw32/8.2.0/include/c++/tr1/legendre_function.tcc" />
        <file path="lib/gcc/mingw32/8.2.0/include/c++/tr1/shared_ptr.h" />
        <file path="lib/gcc/mingw32/8.2.0/include/c++/tr1/exp_integral.tcc" />
        <file path="lib/gcc/mingw32/8.2.0/include/c++/tr1/stdio.h" />
        <file path="lib/gcc/mingw32/8.2.0/include/c++/tr1/cwchar" />
        <file path="lib/gcc/mingw32/8.2.0/include/c++/future" />
        <file path="lib/gcc/mingw32/8.2.0/include/c++/condition_variable" />
        <file path="lib/gcc/mingw32/8.2.0/include/c++/typeindex" />
        <file path="lib/gcc/mingw32/8.2.0/include/c++/fstream" />
        <file path="lib/gcc/mingw32/8.2.0/include/c++/variant" />
        <file path="lib/gcc/mingw32/8.2.0/include/c++/tuple" />
        <file path="lib/gcc/mingw32/8.2.0/include/c++/string_view" />
        <file path="lib/gcc/mingw32/8.2.0/include/c++/regex" />
        <file path="lib/gcc/mingw32/8.2.0/include/c++/clocale" />
        <file path="lib/gcc/mingw32/8.2.0/include/c++/ctime" />
        <file path="lib/gcc/mingw32/8.2.0/include/c++/complex.h" />
        <file path="lib/gcc/mingw32/8.2.0/include/c++/cstdlib" />
        <file path="lib/gcc/mingw32/8.2.0/include/c++/streambuf" />
        <dir path="lib/gcc/mingw32/8.2.0/include/c++/decimal" />
        <file path="lib/gcc/mingw32/8.2.0/include/c++/decimal/decimal.h" />
        <file path="lib/gcc/mingw32/8.2.0/include/c++/decimal/decimal" />
        <file path="lib/gcc/mingw32/8.2.0/include/c++/unordered_set" />
        <file path="lib/gcc/mingw32/8.2.0/include/c++/vector" />
        <file path="lib/gcc/mingw32/8.2.0/include/c++/csignal" />
        <file path="lib/gcc/mingw32/8.2.0/include/c++/set" />
        <file path="lib/gcc/mingw32/8.2.0/include/c++/cerrno" />
        <file path="lib/gcc/mingw32/8.2.0/include/c++/stdexcept" />
        <file path="lib/gcc/mingw32/8.2.0/include/c++/ostream" />
        <file path="lib/gcc/mingw32/8.2.0/include/c++/map" />
        <dir path="lib/gcc/mingw32/8.2.0/include/c++/tr2" />
        <file path="lib/gcc/mingw32/8.2.0/include/c++/tr2/dynamic_bitset" />
        <file path="lib/gcc/mingw32/8.2.0/include/c++/tr2/bool_set" />
        <file path="lib/gcc/mingw32/8.2.0/include/c++/tr2/dynamic_bitset.tcc" />
        <file path="lib/gcc/mingw32/8.2.0/include/c++/tr2/bool_set.tcc" />
        <file path="lib/gcc/mingw32/8.2.0/include/c++/tr2/type_traits" />
        <file path="lib/gcc/mingw32/8.2.0/include/c++/tr2/ratio" />
        <file path="lib/gcc/mingw32/8.2.0/include/c++/cstdalign" />
        <file path="lib/gcc/mingw32/8.2.0/include/c++/iterator" />
        <file path="lib/gcc/mingw32/8.2.0/include/c++/numeric" />
        <file path="lib/gcc/mingw32/8.2.0/include/c++/cwctype" />
        <file path="lib/gcc/mingw32/8.2.0/include/c++/codecvt" />
        <dir path="lib/gcc/mingw32/8.2.0/include/c++/profile" />
        <file path="lib/gcc/mingw32/8.2.0/include/c++/profile/forward_list" />
        <file path="lib/gcc/mingw32/8.2.0/include/c++/profile/map.h" />
        <file path="lib/gcc/mingw32/8.2.0/include/c++/profile/ordered_base.h" />
        <file path="lib/gcc/mingw32/8.2.0/include/c++/profile/unordered_base.h" />
        <file path="lib/gcc/mingw32/8.2.0/include/c++/profile/multiset.h" />
        <file path="lib/gcc/mingw32/8.2.0/include/c++/profile/set.h" />
        <file path="lib/gcc/mingw32/8.2.0/include/c++/profile/unordered_set" />
        <file path="lib/gcc/mingw32/8.2.0/include/c++/profile/vector" />
        <file path="lib/gcc/mingw32/8.2.0/include/c++/profile/set" />
        <file path="lib/gcc/mingw32/8.2.0/include/c++/profile/map" />
        <file path="lib/gcc/mingw32/8.2.0/include/c++/profile/array" />
        <dir path="lib/gcc/mingw32/8.2.0/include/c++/profile/impl" />
        <file path="lib/gcc/mingw32/8.2.0/include/c++/profile/impl/profiler_vector_to_list.h" />
        <file path="lib/gcc/mingw32/8.2.0/include/c++/profile/impl/profiler_list_to_vector.h" />
        <file path="lib/gcc/mingw32/8.2.0/include/c++/profile/impl/profiler_state.h" />
        <file path="lib/gcc/mingw32/8.2.0/include/c++/profile/impl/profiler_trace.h" />
        <file path="lib/gcc/mingw32/8.2.0/include/c++/profile/impl/profiler_vector_size.h" />
        <file path="lib/gcc/mingw32/8.2.0/include/c++/profile/impl/profiler_hash_func.h" />
        <file path="lib/gcc/mingw32/8.2.0/include/c++/profile/impl/profiler.h" />
        <file path="lib/gcc/mingw32/8.2.0/include/c++/profile/impl/profiler_map_to_unordered_map.h" />
        <file path="lib/gcc/mingw32/8.2.0/include/c++/profile/impl/profiler_container_size.h" />
        <file path="lib/gcc/mingw32/8.2.0/include/c++/profile/impl/profiler_algos.h" />
        <file path="lib/gcc/mingw32/8.2.0/include/c++/profile/impl/profiler_list_to_slist.h" />
        <file path="lib/gcc/mingw32/8.2.0/include/c++/profile/impl/profiler_hashtable_size.h" />
        <file path="lib/gcc/mingw32/8.2.0/include/c++/profile/impl/profiler_node.h" />
        <file path="lib/gcc/mingw32/8.2.0/include/c++/profile/deque" />
        <file path="lib/gcc/mingw32/8.2.0/include/c++/profile/iterator_tracker.h" />
        <file path="lib/gcc/mingw32/8.2.0/include/c++/profile/list" />
        <file path="lib/gcc/mingw32/8.2.0/include/c++/profile/base.h" />
        <file path="lib/gcc/mingw32/8.2.0/include/c++/profile/multimap.h" />
        <file path="lib/gcc/mingw32/8.2.0/include/c++/profile/bitset" />
        <file path="lib/gcc/mingw32/8.2.0/include/c++/profile/unordered_map" />
        <file path="lib/gcc/mingw32/8.2.0/include/c++/exception" />
        <file path="lib/gcc/mingw32/8.2.0/include/c++/iomanip" />
        <file path="lib/gcc/mingw32/8.2.0/include/c++/functional" />
        <file path="lib/gcc/mingw32/8.2.0/include/c++/optional" />
        <file path="lib/gcc/mingw32/8.2.0/include/c++/ccomplex" />
        <file path="lib/gcc/mingw32/8.2.0/include/c++/stack" />
        <file path="lib/gcc/mingw32/8.2.0/include/c++/thread" />
        <file path="lib/gcc/mingw32/8.2.0/include/c++/utility" />
        <file path="lib/gcc/mingw32/8.2.0/include/c++/array" />
        <file path="lib/gcc/mingw32/8.2.0/include/c++/random" />
        <file path="lib/gcc/mingw32/8.2.0/include/c++/ciso646" />
        <file path="lib/gcc/mingw32/8.2.0/include/c++/cstdint" />
        <file path="lib/gcc/mingw32/8.2.0/include/c++/limits" />
        <file path="lib/gcc/mingw32/8.2.0/include/c++/deque" />
        <file path="lib/gcc/mingw32/8.2.0/include/c++/locale" />
        <dir path="lib/gcc/mingw32/8.2.0/include/c++/bits" />
        <file path="lib/gcc/mingw32/8.2.0/include/c++/bits/stringfwd.h" />
        <file path="lib/gcc/mingw32/8.2.0/include/c++/bits/regex_automaton.tcc" />
        <file path="lib/gcc/mingw32/8.2.0/include/c++/bits/quoted_string.h" />
        <file path="lib/gcc/mingw32/8.2.0/include/c++/bits/locale_conv.h" />
        <file path="lib/gcc/mingw32/8.2.0/include/c++/bits/uniform_int_dist.h" />
        <file path="lib/gcc/mingw32/8.2.0/include/c++/bits/stl_list.h" />
        <file path="lib/gcc/mingw32/8.2.0/include/c++/bits/localefwd.h" />
        <file path="lib/gcc/mingw32/8.2.0/include/c++/bits/regex_executor.tcc" />
        <file path="lib/gcc/mingw32/8.2.0/include/c++/bits/cxxabi_init_exception.h" />
        <file path="lib/gcc/mingw32/8.2.0/include/c++/bits/cpp_type_traits.h" />
        <file path="lib/gcc/mingw32/8.2.0/include/c++/bits/fs_path.h" />
        <file path="lib/gcc/mingw32/8.2.0/include/c++/bits/codecvt.h" />
        <file path="lib/gcc/mingw32/8.2.0/include/c++/bits/parse_numbers.h" />
        <file path="lib/gcc/mingw32/8.2.0/include/c++/bits/stl_construct.h" />
        <file path="lib/gcc/mingw32/8.2.0/include/c++/bits/functional_hash.h" />
        <file path="lib/gcc/mingw32/8.2.0/include/c++/bits/locale_facets_nonio.tcc" />
        <file path="lib/gcc/mingw32/8.2.0/include/c++/bits/regex_scanner.tcc" />
        <file path="lib/gcc/mingw32/8.2.0/include/c++/bits/range_access.h" />
        <file path="lib/gcc/mingw32/8.2.0/include/c++/bits/deque.tcc" />
        <file path="lib/gcc/mingw32/8.2.0/include/c++/bits/stl_tree.h" />
        <file path="lib/gcc/mingw32/8.2.0/include/c++/bits/regex.h" />
        <file path="lib/gcc/mingw32/8.2.0/include/c++/bits/stl_set.h" />
        <file path="lib/gcc/mingw32/8.2.0/include/c++/bits/valarray_array.h" />
        <file path="lib/gcc/mingw32/8.2.0/include/c++/bits/regex_automaton.h" />
        <file path="lib/gcc/mingw32/8.2.0/include/c++/bits/hashtable.h" />
        <file path="lib/gcc/mingw32/8.2.0/include/c++/bits/stl_relops.h" />
        <file path="lib/gcc/mingw32/8.2.0/include/c++/bits/stl_map.h" />
        <file path="lib/gcc/mingw32/8.2.0/include/c++/bits/stl_iterator_base_funcs.h" />
        <file path="lib/gcc/mingw32/8.2.0/include/c++/bits/fs_dir.h" />
        <file path="lib/gcc/mingw32/8.2.0/include/c++/bits/exception.h" />
        <file path="lib/gcc/mingw32/8.2.0/include/c++/bits/stl_raw_storage_iter.h" />
        <file path="lib/gcc/mingw32/8.2.0/include/c++/bits/atomic_futex.h" />
        <file path="lib/gcc/mingw32/8.2.0/include/c++/bits/locale_classes.tcc" />
        <file path="lib/gcc/mingw32/8.2.0/include/c++/bits/char_traits.h" />
        <file path="lib/gcc/mingw32/8.2.0/include/c++/bits/stl_heap.h" />
        <file path="lib/gcc/mingw32/8.2.0/include/c++/bits/stl_queue.h" />
        <file path="lib/gcc/mingw32/8.2.0/include/c++/bits/exception_defines.h" />
        <file path="lib/gcc/mingw32/8.2.0/include/c++/bits/stl_deque.h" />
        <file path="lib/gcc/mingw32/8.2.0/include/c++/bits/stream_iterator.h" />
        <file path="lib/gcc/mingw32/8.2.0/include/c++/bits/postypes.h" />
        <file path="lib/gcc/mingw32/8.2.0/include/c++/bits/functexcept.h" />
        <file path="lib/gcc/mingw32/8.2.0/include/c++/bits/regex_compiler.tcc" />
        <file path="lib/gcc/mingw32/8.2.0/include/c++/bits/regex_error.h" />
        <file path="lib/gcc/mingw32/8.2.0/include/c++/bits/ostream_insert.h" />
        <file path="lib/gcc/mingw32/8.2.0/include/c++/bits/stl_multimap.h" />
        <file path="lib/gcc/mingw32/8.2.0/include/c++/bits/regex_executor.h" />
        <file path="lib/gcc/mingw32/8.2.0/include/c++/bits/nested_exception.h" />
        <file path="lib/gcc/mingw32/8.2.0/include/c++/bits/atomic_lockfree_defines.h" />
        <file path="lib/gcc/mingw32/8.2.0/include/c++/bits/node_handle.h" />
        <file path="lib/gcc/mingw32/8.2.0/include/c++/bits/refwrap.h" />
        <file path="lib/gcc/mingw32/8.2.0/include/c++/bits/forward_list.h" />
        <file path="lib/gcc/mingw32/8.2.0/include/c++/bits/stl_iterator_base_types.h" />
        <file path="lib/gcc/mingw32/8.2.0/include/c++/bits/stl_bvector.h" />
        <file path="lib/gcc/mingw32/8.2.0/include/c++/bits/uses_allocator.h" />
        <file path="lib/gcc/mingw32/8.2.0/include/c++/bits/basic_ios.h" />
        <file path="lib/gcc/mingw32/8.2.0/include/c++/bits/std_function.h" />
        <file path="lib/gcc/mingw32/8.2.0/include/c++/bits/basic_ios.tcc" />
        <file path="lib/gcc/mingw32/8.2.0/include/c++/bits/fstream.tcc" />
        <file path="lib/gcc/mingw32/8.2.0/include/c++/bits/valarray_before.h" />
        <file path="lib/gcc/mingw32/8.2.0/include/c++/bits/specfun.h" />
        <file path="lib/gcc/mingw32/8.2.0/include/c++/bits/locale_facets_nonio.h" />
        <file path="lib/gcc/mingw32/8.2.0/include/c++/bits/istream.tcc" />
        <file path="lib/gcc/mingw32/8.2.0/include/c++/bits/unordered_set.h" />
        <file path="lib/gcc/mingw32/8.2.0/include/c++/bits/stl_vector.h" />
        <file path="lib/gcc/mingw32/8.2.0/include/c++/bits/forward_list.tcc" />
        <file path="lib/gcc/mingw32/8.2.0/include/c++/bits/c++0x_warning.h" />
        <file path="lib/gcc/mingw32/8.2.0/include/c++/bits/streambuf_iterator.h" />
        <file path="lib/gcc/mingw32/8.2.0/include/c++/bits/locale_classes.h" />
        <file path="lib/gcc/mingw32/8.2.0/include/c++/bits/std_abs.h" />
        <file path="lib/gcc/mingw32/8.2.0/include/c++/bits/atomic_base.h" />
        <file path="lib/gcc/mingw32/8.2.0/include/c++/bits/stl_pair.h" />
        <file path="lib/gcc/mingw32/8.2.0/include/c++/bits/stl_iterator.h" />
        <file path="lib/gcc/mingw32/8.2.0/include/c++/bits/mask_array.h" />
        <file path="lib/gcc/mingw32/8.2.0/include/c++/bits/ostream.tcc" />
        <file path="lib/gcc/mingw32/8.2.0/include/c++/bits/stl_stack.h" />
        <file path="lib/gcc/mingw32/8.2.0/include/c++/bits/sstream.tcc" />
        <file path="lib/gcc/mingw32/8.2.0/include/c++/bits/string_view.tcc" />
        <file path="lib/gcc/mingw32/8.2.0/include/c++/bits/ptr_traits.h" />
        <file path="lib/gcc/mingw32/8.2.0/include/c++/bits/invoke.h" />
        <file path="lib/gcc/mingw32/8.2.0/include/c++/bits/locale_facets.h" />
        <file path="lib/gcc/mingw32/8.2.0/include/c++/bits/exception_ptr.h" />
        <file path="lib/gcc/mingw32/8.2.0/include/c++/bits/move.h" />
        <file path="lib/gcc/mingw32/8.2.0/include/c++/bits/basic_string.h" />
        <file path="lib/gcc/mingw32/8.2.0/include/c++/bits/regex.tcc" />
        <file path="lib/gcc/mingw32/8.2.0/include/c++/bits/stl_uninitialized.h" />
        <file path="lib/gcc/mingw32/8.2.0/include/c++/bits/gslice.h" />
        <file path="lib/gcc/mingw32/8.2.0/include/c++/bits/stl_function.h" />
        <file path="lib/gcc/mingw32/8.2.0/include/c++/bits/fs_fwd.h" />
        <file path="lib/gcc/mingw32/8.2.0/include/c++/bits/unique_ptr.h" />
        <file path="lib/gcc/mingw32/8.2.0/include/c++/bits/valarray_array.tcc" />
        <file path="lib/gcc/mingw32/8.2.0/include/c++/bits/enable_special_members.h" />
        <file path="lib/gcc/mingw32/8.2.0/include/c++/bits/locale_facets.tcc" />
        <file path="lib/gcc/mingw32/8.2.0/include/c++/bits/std_mutex.h" />
        <file path="lib/gcc/mingw32/8.2.0/include/c++/bits/cxxabi_forced.h" />
        <file path="lib/gcc/mingw32/8.2.0/include/c++/bits/stl_algobase.h" />
        <file path="lib/gcc/mingw32/8.2.0/include/c++/bits/allocated_ptr.h" />
        <file path="lib/gcc/mingw32/8.2.0/include/c++/bits/stl_tempbuf.h" />
        <file path="lib/gcc/mingw32/8.2.0/include/c++/bits/regex_constants.h" />
        <file path="lib/gcc/mingw32/8.2.0/include/c++/bits/basic_string.tcc" />
        <file path="lib/gcc/mingw32/8.2.0/include/c++/bits/indirect_array.h" />
        <file path="lib/gcc/mingw32/8.2.0/include/c++/bits/list.tcc" />
        <file path="lib/gcc/mingw32/8.2.0/include/c++/bits/hashtable_policy.h" />
        <file path="lib/gcc/mingw32/8.2.0/include/c++/bits/stl_numeric.h" />
        <file path="lib/gcc/mingw32/8.2.0/include/c++/bits/shared_ptr_base.h" />
        <file path="lib/gcc/mingw32/8.2.0/include/c++/bits/fs_ops.h" />
        <file path="lib/gcc/mingw32/8.2.0/include/c++/bits/allocator.h" />
        <file path="lib/gcc/mingw32/8.2.0/include/c++/bits/ios_base.h" />
        <file path="lib/gcc/mingw32/8.2.0/include/c++/bits/hash_bytes.h" />
        <file path="lib/gcc/mingw32/8.2.0/include/c++/bits/regex_scanner.h" />
        <file path="lib/gcc/mingw32/8.2.0/include/c++/bits/concept_check.h" />
        <file path="lib/gcc/mingw32/8.2.0/include/c++/bits/vector.tcc" />
        <file path="lib/gcc/mingw32/8.2.0/include/c++/bits/valarray_after.h" />
        <file path="lib/gcc/mingw32/8.2.0/include/c++/bits/stl_multiset.h" />
        <file path="lib/gcc/mingw32/8.2.0/include/c++/bits/regex_compiler.h" />
        <file path="lib/gcc/mingw32/8.2.0/include/c++/bits/slice_array.h" />
        <file path="lib/gcc/mingw32/8.2.0/include/c++/bits/boost_concept_check.h" />
        <file path="lib/gcc/mingw32/8.2.0/include/c++/bits/random.h" />
        <file path="lib/gcc/mingw32/8.2.0/include/c++/bits/shared_ptr_atomic.h" />
        <file path="lib/gcc/mingw32/8.2.0/include/c++/bits/unordered_map.h" />
        <file path="lib/gcc/mingw32/8.2.0/include/c++/bits/random.tcc" />
        <file path="lib/gcc/mingw32/8.2.0/include/c++/bits/shared_ptr.h" />
        <file path="lib/gcc/mingw32/8.2.0/include/c++/bits/predefined_ops.h" />
        <file path="lib/gcc/mingw32/8.2.0/include/c++/bits/alloc_traits.h" />
        <file path="lib/gcc/mingw32/8.2.0/include/c++/bits/memoryfwd.h" />
        <file path="lib/gcc/mingw32/8.2.0/include/c++/bits/gslice_array.h" />
        <file path="lib/gcc/mingw32/8.2.0/include/c++/bits/stl_algo.h" />
        <file path="lib/gcc/mingw32/8.2.0/include/c++/bits/streambuf.tcc" />
        <file path="lib/gcc/mingw32/8.2.0/include/c++/bits/algorithmfwd.h" />
        <dir path="lib/gcc/mingw32/8.2.0/include/c++/backward" />
        <file path="lib/gcc/mingw32/8.2.0/include/c++/backward/hash_fun.h" />
        <file path="lib/gcc/mingw32/8.2.0/include/c++/backward/backward_warning.h" />
        <file path="lib/gcc/mingw32/8.2.0/include/c++/backward/binders.h" />
        <file path="lib/gcc/mingw32/8.2.0/include/c++/backward/hash_map" />
        <file path="lib/gcc/mingw32/8.2.0/include/c++/backward/hashtable.h" />
        <file path="lib/gcc/mingw32/8.2.0/include/c++/backward/auto_ptr.h" />
        <file path="lib/gcc/mingw32/8.2.0/include/c++/backward/strstream" />
        <file path="lib/gcc/mingw32/8.2.0/include/c++/backward/hash_set" />
        <dir path="lib/gcc/mingw32/8.2.0/include/c++/experimental" />
        <file path="lib/gcc/mingw32/8.2.0/include/c++/experimental/forward_list" />
        <file path="lib/gcc/mingw32/8.2.0/include/c++/experimental/any" />
        <file path="lib/gcc/mingw32/8.2.0/include/c++/experimental/memory_resource" />
        <file path="lib/gcc/mingw32/8.2.0/include/c++/experimental/system_error" />
        <file path="lib/gcc/mingw32/8.2.0/include/c++/experimental/tuple" />
        <file path="lib/gcc/mingw32/8.2.0/include/c++/experimental/string_view" />
        <file path="lib/gcc/mingw32/8.2.0/include/c++/experimental/regex" />
        <file path="lib/gcc/mingw32/8.2.0/include/c++/experimental/unordered_set" />
        <file path="lib/gcc/mingw32/8.2.0/include/c++/experimental/vector" />
        <file path="lib/gcc/mingw32/8.2.0/include/c++/experimental/set" />
        <file path="lib/gcc/mingw32/8.2.0/include/c++/experimental/map" />
        <file path="lib/gcc/mingw32/8.2.0/include/c++/experimental/iterator" />
        <file path="lib/gcc/mingw32/8.2.0/include/c++/experimental/numeric" />
        <file path="lib/gcc/mingw32/8.2.0/include/c++/experimental/functional" />
        <file path="lib/gcc/mingw32/8.2.0/include/c++/experimental/optional" />
        <file path="lib/gcc/mingw32/8.2.0/include/c++/experimental/propagate_const" />
        <file path="lib/gcc/mingw32/8.2.0/include/c++/experimental/utility" />
        <file path="lib/gcc/mingw32/8.2.0/include/c++/experimental/array" />
        <file path="lib/gcc/mingw32/8.2.0/include/c++/experimental/random" />
        <file path="lib/gcc/mingw32/8.2.0/include/c++/experimental/deque" />
        <dir path="lib/gcc/mingw32/8.2.0/include/c++/experimental/bits" />
        <file path="lib/gcc/mingw32/8.2.0/include/c++/experimental/bits/erase_if.h" />
        <file path="lib/gcc/mingw32/8.2.0/include/c++/experimental/bits/string_view.tcc" />
        <file path="lib/gcc/mingw32/8.2.0/include/c++/experimental/bits/lfts_config.h" />
        <file path="lib/gcc/mingw32/8.2.0/include/c++/experimental/bits/shared_ptr.h" />
        <file path="lib/gcc/mingw32/8.2.0/include/c++/experimental/memory" />
        <file path="lib/gcc/mingw32/8.2.0/include/c++/experimental/list" />
        <file path="lib/gcc/mingw32/8.2.0/include/c++/experimental/string" />
        <file path="lib/gcc/mingw32/8.2.0/include/c++/experimental/source_location" />
        <file path="lib/gcc/mingw32/8.2.0/include/c++/experimental/chrono" />
        <file path="lib/gcc/mingw32/8.2.0/include/c++/experimental/type_traits" />
        <file path="lib/gcc/mingw32/8.2.0/include/c++/experimental/ratio" />
        <file path="lib/gcc/mingw32/8.2.0/include/c++/experimental/unordered_map" />
        <file path="lib/gcc/mingw32/8.2.0/include/c++/experimental/algorithm" />
        <file path="lib/gcc/mingw32/8.2.0/include/c++/filesystem" />
        <file path="lib/gcc/mingw32/8.2.0/include/c++/new" />
        <file path="lib/gcc/mingw32/8.2.0/include/c++/csetjmp" />
        <dir path="lib/gcc/mingw32/8.2.0/include/c++/ext" />
        <file path="lib/gcc/mingw32/8.2.0/include/c++/ext/stdio_filebuf.h" />
        <file path="lib/gcc/mingw32/8.2.0/include/c++/ext/aligned_buffer.h" />
        <file path="lib/gcc/mingw32/8.2.0/include/c++/ext/cmath" />
        <file path="lib/gcc/mingw32/8.2.0/include/c++/ext/bitmap_allocator.h" />
        <file path="lib/gcc/mingw32/8.2.0/include/c++/ext/array_allocator.h" />
        <file path="lib/gcc/mingw32/8.2.0/include/c++/ext/hash_map" />
        <file path="lib/gcc/mingw32/8.2.0/include/c++/ext/pod_char_traits.h" />
        <file path="lib/gcc/mingw32/8.2.0/include/c++/ext/pool_allocator.h" />
        <file path="lib/gcc/mingw32/8.2.0/include/c++/ext/vstring_fwd.h" />
        <file path="lib/gcc/mingw32/8.2.0/include/c++/ext/throw_allocator.h" />
        <file path="lib/gcc/mingw32/8.2.0/include/c++/ext/debug_allocator.h" />
        <file path="lib/gcc/mingw32/8.2.0/include/c++/ext/malloc_allocator.h" />
        <file path="lib/gcc/mingw32/8.2.0/include/c++/ext/rb_tree" />
        <file path="lib/gcc/mingw32/8.2.0/include/c++/ext/stdio_sync_filebuf.h" />
        <file path="lib/gcc/mingw32/8.2.0/include/c++/ext/atomicity.h" />
        <file path="lib/gcc/mingw32/8.2.0/include/c++/ext/vstring.tcc" />
        <file path="lib/gcc/mingw32/8.2.0/include/c++/ext/concurrence.h" />
        <file path="lib/gcc/mingw32/8.2.0/include/c++/ext/rc_string_base.h" />
        <file path="lib/gcc/mingw32/8.2.0/include/c++/ext/type_traits.h" />
        <file path="lib/gcc/mingw32/8.2.0/include/c++/ext/pointer.h" />
        <file path="lib/gcc/mingw32/8.2.0/include/c++/ext/iterator" />
        <file path="lib/gcc/mingw32/8.2.0/include/c++/ext/ropeimpl.h" />
        <file path="lib/gcc/mingw32/8.2.0/include/c++/ext/numeric_traits.h" />
        <file path="lib/gcc/mingw32/8.2.0/include/c++/ext/numeric" />
        <file path="lib/gcc/mingw32/8.2.0/include/c++/ext/extptr_allocator.h" />
        <file path="lib/gcc/mingw32/8.2.0/include/c++/ext/typelist.h" />
        <file path="lib/gcc/mingw32/8.2.0/include/c++/ext/cast.h" />
        <file path="lib/gcc/mingw32/8.2.0/include/c++/ext/sso_string_base.h" />
        <file path="lib/gcc/mingw32/8.2.0/include/c++/ext/functional" />
        <file path="lib/gcc/mingw32/8.2.0/include/c++/ext/random" />
        <file path="lib/gcc/mingw32/8.2.0/include/c++/ext/codecvt_specializations.h" />
        <file path="lib/gcc/mingw32/8.2.0/include/c++/ext/slist" />
        <file path="lib/gcc/mingw32/8.2.0/include/c++/ext/string_conversions.h" />
        <file path="lib/gcc/mingw32/8.2.0/include/c++/ext/hash_set" />
        <file path="lib/gcc/mingw32/8.2.0/include/c++/ext/memory" />
        <file path="lib/gcc/mingw32/8.2.0/include/c++/ext/mt_allocator.h" />
        <file path="lib/gcc/mingw32/8.2.0/include/c++/ext/rope" />
        <file path="lib/gcc/mingw32/8.2.0/include/c++/ext/vstring_util.h" />
        <file path="lib/gcc/mingw32/8.2.0/include/c++/ext/new_allocator.h" />
        <file path="lib/gcc/mingw32/8.2.0/include/c++/ext/vstring.h" />
        <file path="lib/gcc/mingw32/8.2.0/include/c++/ext/enc_filebuf.h" />
        <file path="lib/gcc/mingw32/8.2.0/include/c++/ext/random.tcc" />
        <dir path="lib/gcc/mingw32/8.2.0/include/c++/ext/pb_ds" />
        <dir path="lib/gcc/mingw32/8.2.0/include/c++/ext/pb_ds/detail" />
        <dir path="lib/gcc/mingw32/8.2.0/include/c++/ext/pb_ds/detail/trie_policy" />
        <file path="lib/gcc/mingw32/8.2.0/include/c++/ext/pb_ds/detail/trie_policy/sample_trie_node_update.hpp" />
        <file path="lib/gcc/mingw32/8.2.0/include/c++/ext/pb_ds/detail/trie_policy/sample_trie_access_traits.hpp" />
        <file path="lib/gcc/mingw32/8.2.0/include/c++/ext/pb_ds/detail/trie_policy/order_statistics_imp.hpp" />
        <file path="lib/gcc/mingw32/8.2.0/include/c++/ext/pb_ds/detail/trie_policy/prefix_search_node_update_imp.hpp" />
        <file path="lib/gcc/mingw32/8.2.0/include/c++/ext/pb_ds/detail/trie_policy/trie_policy_base.hpp" />
        <file path="lib/gcc/mingw32/8.2.0/include/c++/ext/pb_ds/detail/trie_policy/node_metadata_selector.hpp" />
        <file path="lib/gcc/mingw32/8.2.0/include/c++/ext/pb_ds/detail/trie_policy/trie_string_access_traits_imp.hpp" />
        <dir path="lib/gcc/mingw32/8.2.0/include/c++/ext/pb_ds/detail/rc_binomial_heap_" />
        <file path="lib/gcc/mingw32/8.2.0/include/c++/ext/pb_ds/detail/rc_binomial_heap_/erase_fn_imps.hpp" />
        <file path="lib/gcc/mingw32/8.2.0/include/c++/ext/pb_ds/detail/rc_binomial_heap_/rc_binomial_heap_.hpp" />
        <file path="lib/gcc/mingw32/8.2.0/include/c++/ext/pb_ds/detail/rc_binomial_heap_/insert_fn_imps.hpp" />
        <file path="lib/gcc/mingw32/8.2.0/include/c++/ext/pb_ds/detail/rc_binomial_heap_/split_join_fn_imps.hpp" />
        <file path="lib/gcc/mingw32/8.2.0/include/c++/ext/pb_ds/detail/rc_binomial_heap_/constructors_destructor_fn_imps.hpp" />
        <file path="lib/gcc/mingw32/8.2.0/include/c++/ext/pb_ds/detail/rc_binomial_heap_/trace_fn_imps.hpp" />
        <file path="lib/gcc/mingw32/8.2.0/include/c++/ext/pb_ds/detail/rc_binomial_heap_/rc.hpp" />
        <file path="lib/gcc/mingw32/8.2.0/include/c++/ext/pb_ds/detail/rc_binomial_heap_/debug_fn_imps.hpp" />
        <dir path="lib/gcc/mingw32/8.2.0/include/c++/ext/pb_ds/detail/binomial_heap_base_" />
        <file path="lib/gcc/mingw32/8.2.0/include/c++/ext/pb_ds/detail/binomial_heap_base_/erase_fn_imps.hpp" />
        <file path="lib/gcc/mingw32/8.2.0/include/c++/ext/pb_ds/detail/binomial_heap_base_/find_fn_imps.hpp" />
        <file path="lib/gcc/mingw32/8.2.0/include/c++/ext/pb_ds/detail/binomial_heap_base_/insert_fn_imps.hpp" />
        <file path="lib/gcc/mingw32/8.2.0/include/c++/ext/pb_ds/detail/binomial_heap_base_/split_join_fn_imps.hpp" />
        <file path="lib/gcc/mingw32/8.2.0/include/c++/ext/pb_ds/detail/binomial_heap_base_/constructors_destructor_fn_imps.hpp" />
        <file path="lib/gcc/mingw32/8.2.0/include/c++/ext/pb_ds/detail/binomial_heap_base_/binomial_heap_base_.hpp" />
        <file path="lib/gcc/mingw32/8.2.0/include/c++/ext/pb_ds/detail/binomial_heap_base_/debug_fn_imps.hpp" />
        <dir path="lib/gcc/mingw32/8.2.0/include/c++/ext/pb_ds/detail/gp_hash_table_map_" />
        <file path="lib/gcc/mingw32/8.2.0/include/c++/ext/pb_ds/detail/gp_hash_table_map_/erase_fn_imps.hpp" />
        <file path="lib/gcc/mingw32/8.2.0/include/c++/ext/pb_ds/detail/gp_hash_table_map_/find_fn_imps.hpp" />
        <file path="lib/gcc/mingw32/8.2.0/include/c++/ext/pb_ds/detail/gp_hash_table_map_/erase_store_hash_fn_imps.hpp" />
        <file path="lib/gcc/mingw32/8.2.0/include/c++/ext/pb_ds/detail/gp_hash_table_map_/debug_no_store_hash_fn_imps.hpp" />
        <file path="lib/gcc/mingw32/8.2.0/include/c++/ext/pb_ds/detail/gp_hash_table_map_/find_store_hash_fn_imps.hpp" />
        <file path="lib/gcc/mingw32/8.2.0/include/c++/ext/pb_ds/detail/gp_hash_table_map_/erase_no_store_hash_fn_imps.hpp" />
        <file path="lib/gcc/mingw32/8.2.0/include/c++/ext/pb_ds/detail/gp_hash_table_map_/resize_store_hash_fn_imps.hpp" />
        <file path="lib/gcc/mingw32/8.2.0/include/c++/ext/pb_ds/detail/gp_hash_table_map_/insert_fn_imps.hpp" />
        <file path="lib/gcc/mingw32/8.2.0/include/c++/ext/pb_ds/detail/gp_hash_table_map_/debug_store_hash_fn_imps.hpp" />
        <file path="lib/gcc/mingw32/8.2.0/include/c++/ext/pb_ds/detail/gp_hash_table_map_/constructor_destructor_no_store_hash_fn_imps.hpp" />
        <file path="lib/gcc/mingw32/8.2.0/include/c++/ext/pb_ds/detail/gp_hash_table_map_/gp_ht_map_.hpp" />
        <file path="lib/gcc/mingw32/8.2.0/include/c++/ext/pb_ds/detail/gp_hash_table_map_/find_no_store_hash_fn_imps.hpp0000644" />
        <file path="lib/gcc/mingw32/8.2.0/include/c++/ext/pb_ds/detail/gp_hash_table_map_/info_fn_imps.hpp" />
        <file path="lib/gcc/mingw32/8.2.0/include/c++/ext/pb_ds/detail/gp_hash_table_map_/insert_store_hash_fn_imps.hpp" />
        <file path="lib/gcc/mingw32/8.2.0/include/c++/ext/pb_ds/detail/gp_hash_table_map_/constructor_destructor_fn_imps.hpp" />
        <file path="lib/gcc/mingw32/8.2.0/include/c++/ext/pb_ds/detail/gp_hash_table_map_/policy_access_fn_imps.hpp" />
        <file path="lib/gcc/mingw32/8.2.0/include/c++/ext/pb_ds/detail/gp_hash_table_map_/insert_no_store_hash_fn_imps.hpp" />
        <file path="lib/gcc/mingw32/8.2.0/include/c++/ext/pb_ds/detail/gp_hash_table_map_/trace_fn_imps.hpp" />
        <file path="lib/gcc/mingw32/8.2.0/include/c++/ext/pb_ds/detail/gp_hash_table_map_/constructor_destructor_store_hash_fn_imps.hpp" />
        <file path="lib/gcc/mingw32/8.2.0/include/c++/ext/pb_ds/detail/gp_hash_table_map_/debug_fn_imps.hpp" />
        <file path="lib/gcc/mingw32/8.2.0/include/c++/ext/pb_ds/detail/gp_hash_table_map_/resize_fn_imps.hpp" />
        <file path="lib/gcc/mingw32/8.2.0/include/c++/ext/pb_ds/detail/gp_hash_table_map_/resize_no_store_hash_fn_imps.hpp" />
        <file path="lib/gcc/mingw32/8.2.0/include/c++/ext/pb_ds/detail/gp_hash_table_map_/iterator_fn_imps.hpp" />
        <dir path="lib/gcc/mingw32/8.2.0/include/c++/ext/pb_ds/detail/branch_policy" />
        <file path="lib/gcc/mingw32/8.2.0/include/c++/ext/pb_ds/detail/branch_policy/null_node_metadata.hpp" />
        <file path="lib/gcc/mingw32/8.2.0/include/c++/ext/pb_ds/detail/branch_policy/branch_policy.hpp" />
        <file path="lib/gcc/mingw32/8.2.0/include/c++/ext/pb_ds/detail/branch_policy/traits.hpp" />
        <file path="lib/gcc/mingw32/8.2.0/include/c++/ext/pb_ds/detail/container_base_dispatch.hpp" />
        <file path="lib/gcc/mingw32/8.2.0/include/c++/ext/pb_ds/detail/standard_policies.hpp" />
        <dir path="lib/gcc/mingw32/8.2.0/include/c++/ext/pb_ds/detail/splay_tree_" />
        <file path="lib/gcc/mingw32/8.2.0/include/c++/ext/pb_ds/detail/splay_tree_/erase_fn_imps.hpp" />
        <file path="lib/gcc/mingw32/8.2.0/include/c++/ext/pb_ds/detail/splay_tree_/find_fn_imps.hpp" />
        <file path="lib/gcc/mingw32/8.2.0/include/c++/ext/pb_ds/detail/splay_tree_/splay_tree_.hpp" />
        <file path="lib/gcc/mingw32/8.2.0/include/c++/ext/pb_ds/detail/splay_tree_/insert_fn_imps.hpp" />
        <file path="lib/gcc/mingw32/8.2.0/include/c++/ext/pb_ds/detail/splay_tree_/info_fn_imps.hpp" />
        <file path="lib/gcc/mingw32/8.2.0/include/c++/ext/pb_ds/detail/splay_tree_/split_join_fn_imps.hpp" />
        <file path="lib/gcc/mingw32/8.2.0/include/c++/ext/pb_ds/detail/splay_tree_/traits.hpp" />
        <file path="lib/gcc/mingw32/8.2.0/include/c++/ext/pb_ds/detail/splay_tree_/constructors_destructor_fn_imps.hpp" />
        <file path="lib/gcc/mingw32/8.2.0/include/c++/ext/pb_ds/detail/splay_tree_/node.hpp" />
        <file path="lib/gcc/mingw32/8.2.0/include/c++/ext/pb_ds/detail/splay_tree_/debug_fn_imps.hpp" />
        <file path="lib/gcc/mingw32/8.2.0/include/c++/ext/pb_ds/detail/splay_tree_/splay_fn_imps.hpp" />
        <dir path="lib/gcc/mingw32/8.2.0/include/c++/ext/pb_ds/detail/pat_trie_" />
        <file path="lib/gcc/mingw32/8.2.0/include/c++/ext/pb_ds/detail/pat_trie_/erase_fn_imps.hpp" />
        <file path="lib/gcc/mingw32/8.2.0/include/c++/ext/pb_ds/detail/pat_trie_/find_fn_imps.hpp" />
        <file path="lib/gcc/mingw32/8.2.0/include/c++/ext/pb_ds/detail/pat_trie_/update_fn_imps.hpp" />
        <file path="lib/gcc/mingw32/8.2.0/include/c++/ext/pb_ds/detail/pat_trie_/insert_join_fn_imps.hpp" />
        <file path="lib/gcc/mingw32/8.2.0/include/c++/ext/pb_ds/detail/pat_trie_/iterators_fn_imps.hpp" />
        <file path="lib/gcc/mingw32/8.2.0/include/c++/ext/pb_ds/detail/pat_trie_/r_erase_fn_imps.hpp" />
        <file path="lib/gcc/mingw32/8.2.0/include/c++/ext/pb_ds/detail/pat_trie_/split_fn_imps.hpp" />
        <file path="lib/gcc/mingw32/8.2.0/include/c++/ext/pb_ds/detail/pat_trie_/pat_trie_.hpp" />
        <file path="lib/gcc/mingw32/8.2.0/include/c++/ext/pb_ds/detail/pat_trie_/synth_access_traits.hpp" />
        <file path="lib/gcc/mingw32/8.2.0/include/c++/ext/pb_ds/detail/pat_trie_/info_fn_imps.hpp" />
        <file path="lib/gcc/mingw32/8.2.0/include/c++/ext/pb_ds/detail/pat_trie_/policy_access_fn_imps.hpp" />
        <file path="lib/gcc/mingw32/8.2.0/include/c++/ext/pb_ds/detail/pat_trie_/traits.hpp" />
        <file path="lib/gcc/mingw32/8.2.0/include/c++/ext/pb_ds/detail/pat_trie_/constructors_destructor_fn_imps.hpp" />
        <file path="lib/gcc/mingw32/8.2.0/include/c++/ext/pb_ds/detail/pat_trie_/trace_fn_imps.hpp" />
        <file path="lib/gcc/mingw32/8.2.0/include/c++/ext/pb_ds/detail/pat_trie_/rotate_fn_imps.hpp" />
        <file path="lib/gcc/mingw32/8.2.0/include/c++/ext/pb_ds/detail/pat_trie_/debug_fn_imps.hpp" />
        <file path="lib/gcc/mingw32/8.2.0/include/c++/ext/pb_ds/detail/pat_trie_/pat_trie_base.hpp" />
        <file path="lib/gcc/mingw32/8.2.0/include/c++/ext/pb_ds/detail/type_utils.hpp" />
        <dir path="lib/gcc/mingw32/8.2.0/include/c++/ext/pb_ds/detail/pairing_heap_" />
        <file path="lib/gcc/mingw32/8.2.0/include/c++/ext/pb_ds/detail/pairing_heap_/erase_fn_imps.hpp" />
        <file path="lib/gcc/mingw32/8.2.0/include/c++/ext/pb_ds/detail/pairing_heap_/find_fn_imps.hpp" />
        <file path="lib/gcc/mingw32/8.2.0/include/c++/ext/pb_ds/detail/pairing_heap_/pairing_heap_.hpp" />
        <file path="lib/gcc/mingw32/8.2.0/include/c++/ext/pb_ds/detail/pairing_heap_/insert_fn_imps.hpp" />
        <file path="lib/gcc/mingw32/8.2.0/include/c++/ext/pb_ds/detail/pairing_heap_/split_join_fn_imps.hpp" />
        <file path="lib/gcc/mingw32/8.2.0/include/c++/ext/pb_ds/detail/pairing_heap_/constructors_destructor_fn_imps.hpp0000644" />
        <file path="lib/gcc/mingw32/8.2.0/include/c++/ext/pb_ds/detail/pairing_heap_/debug_fn_imps.hpp" />
        <file path="lib/gcc/mingw32/8.2.0/include/c++/ext/pb_ds/detail/cond_dealtor.hpp" />
        <dir path="lib/gcc/mingw32/8.2.0/include/c++/ext/pb_ds/detail/unordered_iterator" />
        <file path="lib/gcc/mingw32/8.2.0/include/c++/ext/pb_ds/detail/unordered_iterator/const_iterator.hpp" />
        <file path="lib/gcc/mingw32/8.2.0/include/c++/ext/pb_ds/detail/unordered_iterator/point_const_iterator.hpp" />
        <file path="lib/gcc/mingw32/8.2.0/include/c++/ext/pb_ds/detail/unordered_iterator/point_iterator.hpp" />
        <file path="lib/gcc/mingw32/8.2.0/include/c++/ext/pb_ds/detail/unordered_iterator/iterator.hpp" />
        <file path="lib/gcc/mingw32/8.2.0/include/c++/ext/pb_ds/detail/tree_trace_base.hpp" />
        <dir path="lib/gcc/mingw32/8.2.0/include/c++/ext/pb_ds/detail/resize_policy" />
        <file path="lib/gcc/mingw32/8.2.0/include/c++/ext/pb_ds/detail/resize_policy/hash_standard_resize_policy_imp.hpp0000644" />
        <file path="lib/gcc/mingw32/8.2.0/include/c++/ext/pb_ds/detail/resize_policy/hash_prime_size_policy_imp.hpp" />
        <file path="lib/gcc/mingw32/8.2.0/include/c++/ext/pb_ds/detail/resize_policy/sample_size_policy.hpp" />
        <file path="lib/gcc/mingw32/8.2.0/include/c++/ext/pb_ds/detail/resize_policy/hash_load_check_resize_trigger_imp.hpp" />
        <file path="lib/gcc/mingw32/8.2.0/include/c++/ext/pb_ds/detail/resize_policy/sample_resize_policy.hpp" />
        <file path="lib/gcc/mingw32/8.2.0/include/c++/ext/pb_ds/detail/resize_policy/cc_hash_max_collision_check_resize_trigger_imp.hpp" />
        <file path="lib/gcc/mingw32/8.2.0/include/c++/ext/pb_ds/detail/resize_policy/hash_exponential_size_policy_imp.hpp" />
        <file path="lib/gcc/mingw32/8.2.0/include/c++/ext/pb_ds/detail/resize_policy/sample_resize_trigger.hpp" />
        <file path="lib/gcc/mingw32/8.2.0/include/c++/ext/pb_ds/detail/resize_policy/hash_load_check_resize_trigger_size_base.hpp" />
        <dir path="lib/gcc/mingw32/8.2.0/include/c++/ext/pb_ds/detail/left_child_next_sibling_heap_" />
        <file path="lib/gcc/mingw32/8.2.0/include/c++/ext/pb_ds/detail/left_child_next_sibling_heap_/erase_fn_imps.hpp" />
        <file path="lib/gcc/mingw32/8.2.0/include/c++/ext/pb_ds/detail/left_child_next_sibling_heap_/const_iterator.hpp" />
        <file path="lib/gcc/mingw32/8.2.0/include/c++/ext/pb_ds/detail/left_child_next_sibling_heap_/iterators_fn_imps.hpp" />
        <file path="lib/gcc/mingw32/8.2.0/include/c++/ext/pb_ds/detail/left_child_next_sibling_heap_/insert_fn_imps.hpp" />
        <file path="lib/gcc/mingw32/8.2.0/include/c++/ext/pb_ds/detail/left_child_next_sibling_heap_/point_const_iterator.hpp" />
        <file path="lib/gcc/mingw32/8.2.0/include/c++/ext/pb_ds/detail/left_child_next_sibling_heap_/info_fn_imps.hpp" />
        <file path="lib/gcc/mingw32/8.2.0/include/c++/ext/pb_ds/detail/left_child_next_sibling_heap_/left_child_next_sibling_heap_.hpp" />
        <file path="lib/gcc/mingw32/8.2.0/include/c++/ext/pb_ds/detail/left_child_next_sibling_heap_/policy_access_fn_imps.hpp" />
        <file path="lib/gcc/mingw32/8.2.0/include/c++/ext/pb_ds/detail/left_child_next_sibling_heap_/constructors_destructor_fn_imps.hpp" />
        <file path="lib/gcc/mingw32/8.2.0/include/c++/ext/pb_ds/detail/left_child_next_sibling_heap_/trace_fn_imps.hpp" />
        <file path="lib/gcc/mingw32/8.2.0/include/c++/ext/pb_ds/detail/left_child_next_sibling_heap_/node.hpp" />
        <file path="lib/gcc/mingw32/8.2.0/include/c++/ext/pb_ds/detail/left_child_next_sibling_heap_/debug_fn_imps.hpp" />
        <dir path="lib/gcc/mingw32/8.2.0/include/c++/ext/pb_ds/detail/cc_hash_table_map_" />
        <file path="lib/gcc/mingw32/8.2.0/include/c++/ext/pb_ds/detail/cc_hash_table_map_/cond_key_dtor_entry_dealtor.hpp" />
        <file path="lib/gcc/mingw32/8.2.0/include/c++/ext/pb_ds/detail/cc_hash_table_map_/erase_fn_imps.hpp" />
        <file path="lib/gcc/mingw32/8.2.0/include/c++/ext/pb_ds/detail/cc_hash_table_map_/find_fn_imps.hpp" />
        <file path="lib/gcc/mingw32/8.2.0/include/c++/ext/pb_ds/detail/cc_hash_table_map_/erase_store_hash_fn_imps.hpp" />
        <file path="lib/gcc/mingw32/8.2.0/include/c++/ext/pb_ds/detail/cc_hash_table_map_/debug_no_store_hash_fn_imps.hpp" />
        <file path="lib/gcc/mingw32/8.2.0/include/c++/ext/pb_ds/detail/cc_hash_table_map_/find_store_hash_fn_imps.hpp" />
        <file path="lib/gcc/mingw32/8.2.0/include/c++/ext/pb_ds/detail/cc_hash_table_map_/erase_no_store_hash_fn_imps.hpp" />
        <file path="lib/gcc/mingw32/8.2.0/include/c++/ext/pb_ds/detail/cc_hash_table_map_/cc_ht_map_.hpp" />
        <file path="lib/gcc/mingw32/8.2.0/include/c++/ext/pb_ds/detail/cc_hash_table_map_/resize_store_hash_fn_imps.hpp" />
        <file path="lib/gcc/mingw32/8.2.0/include/c++/ext/pb_ds/detail/cc_hash_table_map_/iterators_fn_imps.hpp" />
        <file path="lib/gcc/mingw32/8.2.0/include/c++/ext/pb_ds/detail/cc_hash_table_map_/insert_fn_imps.hpp" />
        <file path="lib/gcc/mingw32/8.2.0/include/c++/ext/pb_ds/detail/cc_hash_table_map_/debug_store_hash_fn_imps.hpp" />
        <file path="lib/gcc/mingw32/8.2.0/include/c++/ext/pb_ds/detail/cc_hash_table_map_/constructor_destructor_no_store_hash_fn_imps.hpp" />
        <file path="lib/gcc/mingw32/8.2.0/include/c++/ext/pb_ds/detail/cc_hash_table_map_/info_fn_imps.hpp" />
        <file path="lib/gcc/mingw32/8.2.0/include/c++/ext/pb_ds/detail/cc_hash_table_map_/insert_store_hash_fn_imps.hpp" />
        <file path="lib/gcc/mingw32/8.2.0/include/c++/ext/pb_ds/detail/cc_hash_table_map_/constructor_destructor_fn_imps.hpp" />
        <file path="lib/gcc/mingw32/8.2.0/include/c++/ext/pb_ds/detail/cc_hash_table_map_/policy_access_fn_imps.hpp" />
        <file path="lib/gcc/mingw32/8.2.0/include/c++/ext/pb_ds/detail/cc_hash_table_map_/insert_no_store_hash_fn_imps.hpp" />
        <file path="lib/gcc/mingw32/8.2.0/include/c++/ext/pb_ds/detail/cc_hash_table_map_/size_fn_imps.hpp" />
        <file path="lib/gcc/mingw32/8.2.0/include/c++/ext/pb_ds/detail/cc_hash_table_map_/trace_fn_imps.hpp" />
        <file path="lib/gcc/mingw32/8.2.0/include/c++/ext/pb_ds/detail/cc_hash_table_map_/entry_list_fn_imps.hpp" />
        <file path="lib/gcc/mingw32/8.2.0/include/c++/ext/pb_ds/detail/cc_hash_table_map_/constructor_destructor_store_hash_fn_imps.hpp" />
        <file path="lib/gcc/mingw32/8.2.0/include/c++/ext/pb_ds/detail/cc_hash_table_map_/cmp_fn_imps.hpp" />
        <file path="lib/gcc/mingw32/8.2.0/include/c++/ext/pb_ds/detail/cc_hash_table_map_/debug_fn_imps.hpp" />
        <file path="lib/gcc/mingw32/8.2.0/include/c++/ext/pb_ds/detail/cc_hash_table_map_/resize_fn_imps.hpp" />
        <file path="lib/gcc/mingw32/8.2.0/include/c++/ext/pb_ds/detail/cc_hash_table_map_/resize_no_store_hash_fn_imps.hpp" />
        <dir path="lib/gcc/mingw32/8.2.0/include/c++/ext/pb_ds/detail/list_update_map_" />
        <file path="lib/gcc/mingw32/8.2.0/include/c++/ext/pb_ds/detail/list_update_map_/erase_fn_imps.hpp" />
        <file path="lib/gcc/mingw32/8.2.0/include/c++/ext/pb_ds/detail/list_update_map_/lu_map_.hpp" />
        <file path="lib/gcc/mingw32/8.2.0/include/c++/ext/pb_ds/detail/list_update_map_/find_fn_imps.hpp" />
        <file path="lib/gcc/mingw32/8.2.0/include/c++/ext/pb_ds/detail/list_update_map_/iterators_fn_imps.hpp" />
        <file path="lib/gcc/mingw32/8.2.0/include/c++/ext/pb_ds/detail/list_update_map_/insert_fn_imps.hpp" />
        <file path="lib/gcc/mingw32/8.2.0/include/c++/ext/pb_ds/detail/list_update_map_/info_fn_imps.hpp" />
        <file path="lib/gcc/mingw32/8.2.0/include/c++/ext/pb_ds/detail/list_update_map_/constructor_destructor_fn_imps.hpp" />
        <file path="lib/gcc/mingw32/8.2.0/include/c++/ext/pb_ds/detail/list_update_map_/trace_fn_imps.hpp" />
        <file path="lib/gcc/mingw32/8.2.0/include/c++/ext/pb_ds/detail/list_update_map_/debug_fn_imps.hpp" />
        <file path="lib/gcc/mingw32/8.2.0/include/c++/ext/pb_ds/detail/list_update_map_/entry_metadata_base.hpp" />
        <dir path="lib/gcc/mingw32/8.2.0/include/c++/ext/pb_ds/detail/binomial_heap_" />
        <file path="lib/gcc/mingw32/8.2.0/include/c++/ext/pb_ds/detail/binomial_heap_/binomial_heap_.hpp" />
        <file path="lib/gcc/mingw32/8.2.0/include/c++/ext/pb_ds/detail/binomial_heap_/constructors_destructor_fn_imps.hpp" />
        <file path="lib/gcc/mingw32/8.2.0/include/c++/ext/pb_ds/detail/binomial_heap_/debug_fn_imps.hpp" />
        <dir path="lib/gcc/mingw32/8.2.0/include/c++/ext/pb_ds/detail/hash_fn" />
        <file path="lib/gcc/mingw32/8.2.0/include/c++/ext/pb_ds/detail/hash_fn/direct_mask_range_hashing_imp.hpp" />
        <file path="lib/gcc/mingw32/8.2.0/include/c++/ext/pb_ds/detail/hash_fn/ranged_probe_fn.hpp" />
        <file path="lib/gcc/mingw32/8.2.0/include/c++/ext/pb_ds/detail/hash_fn/mod_based_range_hashing.hpp" />
        <file path="lib/gcc/mingw32/8.2.0/include/c++/ext/pb_ds/detail/hash_fn/mask_based_range_hashing.hpp" />
        <file path="lib/gcc/mingw32/8.2.0/include/c++/ext/pb_ds/detail/hash_fn/quadratic_probe_fn_imp.hpp" />
        <file path="lib/gcc/mingw32/8.2.0/include/c++/ext/pb_ds/detail/hash_fn/sample_probe_fn.hpp" />
        <file path="lib/gcc/mingw32/8.2.0/include/c++/ext/pb_ds/detail/hash_fn/sample_range_hashing.hpp" />
        <file path="lib/gcc/mingw32/8.2.0/include/c++/ext/pb_ds/detail/hash_fn/ranged_hash_fn.hpp" />
        <file path="lib/gcc/mingw32/8.2.0/include/c++/ext/pb_ds/detail/hash_fn/direct_mod_range_hashing_imp.hpp" />
        <file path="lib/gcc/mingw32/8.2.0/include/c++/ext/pb_ds/detail/hash_fn/probe_fn_base.hpp" />
        <file path="lib/gcc/mingw32/8.2.0/include/c++/ext/pb_ds/detail/hash_fn/sample_ranged_probe_fn.hpp" />
        <file path="lib/gcc/mingw32/8.2.0/include/c++/ext/pb_ds/detail/hash_fn/linear_probe_fn_imp.hpp" />
        <file path="lib/gcc/mingw32/8.2.0/include/c++/ext/pb_ds/detail/hash_fn/sample_ranged_hash_fn.hpp" />
        <dir path="lib/gcc/mingw32/8.2.0/include/c++/ext/pb_ds/detail/tree_policy" />
        <file path="lib/gcc/mingw32/8.2.0/include/c++/ext/pb_ds/detail/tree_policy/order_statistics_imp.hpp" />
        <file path="lib/gcc/mingw32/8.2.0/include/c++/ext/pb_ds/detail/tree_policy/sample_tree_node_update.hpp" />
        <file path="lib/gcc/mingw32/8.2.0/include/c++/ext/pb_ds/detail/tree_policy/node_metadata_selector.hpp" />
        <file path="lib/gcc/mingw32/8.2.0/include/c++/ext/pb_ds/detail/types_traits.hpp" />
        <file path="lib/gcc/mingw32/8.2.0/include/c++/ext/pb_ds/detail/priority_queue_base_dispatch.hpp" />
        <dir path="lib/gcc/mingw32/8.2.0/include/c++/ext/pb_ds/detail/list_update_policy" />
        <file path="lib/gcc/mingw32/8.2.0/include/c++/ext/pb_ds/detail/list_update_policy/sample_update_policy.hpp" />
        <file path="lib/gcc/mingw32/8.2.0/include/c++/ext/pb_ds/detail/list_update_policy/lu_counter_metadata.hpp" />
        <dir path="lib/gcc/mingw32/8.2.0/include/c++/ext/pb_ds/detail/thin_heap_" />
        <file path="lib/gcc/mingw32/8.2.0/include/c++/ext/pb_ds/detail/thin_heap_/erase_fn_imps.hpp" />
        <file path="lib/gcc/mingw32/8.2.0/include/c++/ext/pb_ds/detail/thin_heap_/find_fn_imps.hpp" />
        <file path="lib/gcc/mingw32/8.2.0/include/c++/ext/pb_ds/detail/thin_heap_/insert_fn_imps.hpp" />
        <file path="lib/gcc/mingw32/8.2.0/include/c++/ext/pb_ds/detail/thin_heap_/thin_heap_.hpp" />
        <file path="lib/gcc/mingw32/8.2.0/include/c++/ext/pb_ds/detail/thin_heap_/split_join_fn_imps.hpp" />
        <file path="lib/gcc/mingw32/8.2.0/include/c++/ext/pb_ds/detail/thin_heap_/constructors_destructor_fn_imps.hpp" />
        <file path="lib/gcc/mingw32/8.2.0/include/c++/ext/pb_ds/detail/thin_heap_/trace_fn_imps.hpp" />
        <file path="lib/gcc/mingw32/8.2.0/include/c++/ext/pb_ds/detail/thin_heap_/debug_fn_imps.hpp" />
        <file path="lib/gcc/mingw32/8.2.0/include/c++/ext/pb_ds/detail/debug_map_base.hpp" />
        <dir path="lib/gcc/mingw32/8.2.0/include/c++/ext/pb_ds/detail/rb_tree_map_" />
        <file path="lib/gcc/mingw32/8.2.0/include/c++/ext/pb_ds/detail/rb_tree_map_/erase_fn_imps.hpp" />
        <file path="lib/gcc/mingw32/8.2.0/include/c++/ext/pb_ds/detail/rb_tree_map_/find_fn_imps.hpp" />
        <file path="lib/gcc/mingw32/8.2.0/include/c++/ext/pb_ds/detail/rb_tree_map_/insert_fn_imps.hpp" />
        <file path="lib/gcc/mingw32/8.2.0/include/c++/ext/pb_ds/detail/rb_tree_map_/info_fn_imps.hpp" />
        <file path="lib/gcc/mingw32/8.2.0/include/c++/ext/pb_ds/detail/rb_tree_map_/split_join_fn_imps.hpp" />
        <file path="lib/gcc/mingw32/8.2.0/include/c++/ext/pb_ds/detail/rb_tree_map_/traits.hpp" />
        <file path="lib/gcc/mingw32/8.2.0/include/c++/ext/pb_ds/detail/rb_tree_map_/constructors_destructor_fn_imps.hpp" />
        <file path="lib/gcc/mingw32/8.2.0/include/c++/ext/pb_ds/detail/rb_tree_map_/node.hpp" />
        <file path="lib/gcc/mingw32/8.2.0/include/c++/ext/pb_ds/detail/rb_tree_map_/rb_tree_.hpp" />
        <file path="lib/gcc/mingw32/8.2.0/include/c++/ext/pb_ds/detail/rb_tree_map_/debug_fn_imps.hpp" />
        <dir path="lib/gcc/mingw32/8.2.0/include/c++/ext/pb_ds/detail/bin_search_tree_" />
        <file path="lib/gcc/mingw32/8.2.0/include/c++/ext/pb_ds/detail/bin_search_tree_/erase_fn_imps.hpp" />
        <file path="lib/gcc/mingw32/8.2.0/include/c++/ext/pb_ds/detail/bin_search_tree_/find_fn_imps.hpp" />
        <file path="lib/gcc/mingw32/8.2.0/include/c++/ext/pb_ds/detail/bin_search_tree_/point_iterators.hpp" />
        <file path="lib/gcc/mingw32/8.2.0/include/c++/ext/pb_ds/detail/bin_search_tree_/iterators_fn_imps.hpp" />
        <file path="lib/gcc/mingw32/8.2.0/include/c++/ext/pb_ds/detail/bin_search_tree_/insert_fn_imps.hpp" />
        <file path="lib/gcc/mingw32/8.2.0/include/c++/ext/pb_ds/detail/bin_search_tree_/r_erase_fn_imps.hpp" />
        <file path="lib/gcc/mingw32/8.2.0/include/c++/ext/pb_ds/detail/bin_search_tree_/info_fn_imps.hpp" />
        <file path="lib/gcc/mingw32/8.2.0/include/c++/ext/pb_ds/detail/bin_search_tree_/policy_access_fn_imps.hpp" />
        <file path="lib/gcc/mingw32/8.2.0/include/c++/ext/pb_ds/detail/bin_search_tree_/split_join_fn_imps.hpp" />
        <file path="lib/gcc/mingw32/8.2.0/include/c++/ext/pb_ds/detail/bin_search_tree_/bin_search_tree_.hpp" />
        <file path="lib/gcc/mingw32/8.2.0/include/c++/ext/pb_ds/detail/bin_search_tree_/traits.hpp" />
        <file path="lib/gcc/mingw32/8.2.0/include/c++/ext/pb_ds/detail/bin_search_tree_/constructors_destructor_fn_imps.hpp" />
        <file path="lib/gcc/mingw32/8.2.0/include/c++/ext/pb_ds/detail/bin_search_tree_/rotate_fn_imps.hpp" />
        <file path="lib/gcc/mingw32/8.2.0/include/c++/ext/pb_ds/detail/bin_search_tree_/node_iterators.hpp" />
        <file path="lib/gcc/mingw32/8.2.0/include/c++/ext/pb_ds/detail/bin_search_tree_/debug_fn_imps.hpp" />
        <dir path="lib/gcc/mingw32/8.2.0/include/c++/ext/pb_ds/detail/eq_fn" />
        <file path="lib/gcc/mingw32/8.2.0/include/c++/ext/pb_ds/detail/eq_fn/eq_by_less.hpp" />
        <file path="lib/gcc/mingw32/8.2.0/include/c++/ext/pb_ds/detail/eq_fn/hash_eq_fn.hpp" />
        <dir path="lib/gcc/mingw32/8.2.0/include/c++/ext/pb_ds/detail/ov_tree_map_" />
        <file path="lib/gcc/mingw32/8.2.0/include/c++/ext/pb_ds/detail/ov_tree_map_/erase_fn_imps.hpp" />
        <file path="lib/gcc/mingw32/8.2.0/include/c++/ext/pb_ds/detail/ov_tree_map_/iterators_fn_imps.hpp" />
        <file path="lib/gcc/mingw32/8.2.0/include/c++/ext/pb_ds/detail/ov_tree_map_/insert_fn_imps.hpp" />
        <file path="lib/gcc/mingw32/8.2.0/include/c++/ext/pb_ds/detail/ov_tree_map_/info_fn_imps.hpp" />
        <file path="lib/gcc/mingw32/8.2.0/include/c++/ext/pb_ds/detail/ov_tree_map_/ov_tree_map_.hpp" />
        <file path="lib/gcc/mingw32/8.2.0/include/c++/ext/pb_ds/detail/ov_tree_map_/policy_access_fn_imps.hpp" />
        <file path="lib/gcc/mingw32/8.2.0/include/c++/ext/pb_ds/detail/ov_tree_map_/split_join_fn_imps.hpp" />
        <file path="lib/gcc/mingw32/8.2.0/include/c++/ext/pb_ds/detail/ov_tree_map_/traits.hpp" />
        <file path="lib/gcc/mingw32/8.2.0/include/c++/ext/pb_ds/detail/ov_tree_map_/constructors_destructor_fn_imps.hpp" />
        <file path="lib/gcc/mingw32/8.2.0/include/c++/ext/pb_ds/detail/ov_tree_map_/node_iterators.hpp" />
        <file path="lib/gcc/mingw32/8.2.0/include/c++/ext/pb_ds/detail/ov_tree_map_/debug_fn_imps.hpp" />
        <dir path="lib/gcc/mingw32/8.2.0/include/c++/ext/pb_ds/detail/binary_heap_" />
        <file path="lib/gcc/mingw32/8.2.0/include/c++/ext/pb_ds/detail/binary_heap_/erase_fn_imps.hpp" />
        <file path="lib/gcc/mingw32/8.2.0/include/c++/ext/pb_ds/detail/binary_heap_/find_fn_imps.hpp" />
        <file path="lib/gcc/mingw32/8.2.0/include/c++/ext/pb_ds/detail/binary_heap_/const_iterator.hpp" />
        <file path="lib/gcc/mingw32/8.2.0/include/c++/ext/pb_ds/detail/binary_heap_/binary_heap_.hpp" />
        <file path="lib/gcc/mingw32/8.2.0/include/c++/ext/pb_ds/detail/binary_heap_/iterators_fn_imps.hpp" />
        <file path="lib/gcc/mingw32/8.2.0/include/c++/ext/pb_ds/detail/binary_heap_/insert_fn_imps.hpp" />
        <file path="lib/gcc/mingw32/8.2.0/include/c++/ext/pb_ds/detail/binary_heap_/entry_cmp.hpp" />
        <file path="lib/gcc/mingw32/8.2.0/include/c++/ext/pb_ds/detail/binary_heap_/entry_pred.hpp" />
        <file path="lib/gcc/mingw32/8.2.0/include/c++/ext/pb_ds/detail/binary_heap_/point_const_iterator.hpp" />
        <file path="lib/gcc/mingw32/8.2.0/include/c++/ext/pb_ds/detail/binary_heap_/resize_policy.hpp" />
        <file path="lib/gcc/mingw32/8.2.0/include/c++/ext/pb_ds/detail/binary_heap_/info_fn_imps.hpp" />
        <file path="lib/gcc/mingw32/8.2.0/include/c++/ext/pb_ds/detail/binary_heap_/policy_access_fn_imps.hpp" />
        <file path="lib/gcc/mingw32/8.2.0/include/c++/ext/pb_ds/detail/binary_heap_/split_join_fn_imps.hpp" />
        <file path="lib/gcc/mingw32/8.2.0/include/c++/ext/pb_ds/detail/binary_heap_/constructors_destructor_fn_imps.hpp" />
        <file path="lib/gcc/mingw32/8.2.0/include/c++/ext/pb_ds/detail/binary_heap_/trace_fn_imps.hpp" />
        <file path="lib/gcc/mingw32/8.2.0/include/c++/ext/pb_ds/detail/binary_heap_/debug_fn_imps.hpp" />
        <file path="lib/gcc/mingw32/8.2.0/include/c++/ext/pb_ds/exception.hpp" />
        <file path="lib/gcc/mingw32/8.2.0/include/c++/ext/pb_ds/tag_and_trait.hpp" />
        <file path="lib/gcc/mingw32/8.2.0/include/c++/ext/pb_ds/trie_policy.hpp" />
        <file path="lib/gcc/mingw32/8.2.0/include/c++/ext/pb_ds/list_update_policy.hpp" />
        <file path="lib/gcc/mingw32/8.2.0/include/c++/ext/pb_ds/priority_queue.hpp" />
        <file path="lib/gcc/mingw32/8.2.0/include/c++/ext/pb_ds/assoc_container.hpp" />
        <file path="lib/gcc/mingw32/8.2.0/include/c++/ext/pb_ds/tree_policy.hpp" />
        <file path="lib/gcc/mingw32/8.2.0/include/c++/ext/pb_ds/hash_policy.hpp" />
        <file path="lib/gcc/mingw32/8.2.0/include/c++/ext/alloc_traits.h" />
        <file path="lib/gcc/mingw32/8.2.0/include/c++/ext/algorithm" />
        <file path="lib/gcc/mingw32/8.2.0/include/c++/climits" />
        <file path="lib/gcc/mingw32/8.2.0/include/c++/cstdio" />
        <file path="lib/gcc/mingw32/8.2.0/include/c++/memory" />
        <file path="lib/gcc/mingw32/8.2.0/include/c++/cuchar" />
        <file path="lib/gcc/mingw32/8.2.0/include/c++/list" />
        <file path="lib/gcc/mingw32/8.2.0/include/c++/string" />
        <file path="lib/gcc/mingw32/8.2.0/include/c++/cstddef" />
        <file path="lib/gcc/mingw32/8.2.0/include/c++/fenv.h" />
        <file path="lib/gcc/mingw32/8.2.0/include/c++/cxxabi.h" />
        <file path="lib/gcc/mingw32/8.2.0/include/c++/cfenv" />
        <dir path="lib/gcc/mingw32/8.2.0/include/c++/debug" />
        <file path="lib/gcc/mingw32/8.2.0/include/c++/debug/safe_iterator.h" />
        <file path="lib/gcc/mingw32/8.2.0/include/c++/debug/debug.h" />
        <file path="lib/gcc/mingw32/8.2.0/include/c++/debug/forward_list" />
        <file path="lib/gcc/mingw32/8.2.0/include/c++/debug/map.h" />
        <file path="lib/gcc/mingw32/8.2.0/include/c++/debug/safe_container.h" />
        <file path="lib/gcc/mingw32/8.2.0/include/c++/debug/assertions.h" />
        <file path="lib/gcc/mingw32/8.2.0/include/c++/debug/safe_unordered_container.tcc" />
        <file path="lib/gcc/mingw32/8.2.0/include/c++/debug/multiset.h" />
        <file path="lib/gcc/mingw32/8.2.0/include/c++/debug/safe_unordered_container.h" />
        <file path="lib/gcc/mingw32/8.2.0/include/c++/debug/set.h" />
        <file path="lib/gcc/mingw32/8.2.0/include/c++/debug/safe_sequence.h" />
        <file path="lib/gcc/mingw32/8.2.0/include/c++/debug/macros.h" />
        <file path="lib/gcc/mingw32/8.2.0/include/c++/debug/unordered_set" />
        <file path="lib/gcc/mingw32/8.2.0/include/c++/debug/vector" />
        <file path="lib/gcc/mingw32/8.2.0/include/c++/debug/set" />
        <file path="lib/gcc/mingw32/8.2.0/include/c++/debug/map" />
        <file path="lib/gcc/mingw32/8.2.0/include/c++/debug/functions.h" />
        <file path="lib/gcc/mingw32/8.2.0/include/c++/debug/safe_iterator.tcc" />
        <file path="lib/gcc/mingw32/8.2.0/include/c++/debug/stl_iterator.h" />
        <file path="lib/gcc/mingw32/8.2.0/include/c++/debug/array" />
        <file path="lib/gcc/mingw32/8.2.0/include/c++/debug/safe_sequence.tcc" />
        <file path="lib/gcc/mingw32/8.2.0/include/c++/debug/safe_unordered_base.h" />
        <file path="lib/gcc/mingw32/8.2.0/include/c++/debug/deque" />
        <file path="lib/gcc/mingw32/8.2.0/include/c++/debug/safe_local_iterator.h" />
        <file path="lib/gcc/mingw32/8.2.0/include/c++/debug/helper_functions.h" />
        <file path="lib/gcc/mingw32/8.2.0/include/c++/debug/list" />
        <file path="lib/gcc/mingw32/8.2.0/include/c++/debug/string" />
        <file path="lib/gcc/mingw32/8.2.0/include/c++/debug/multimap.h" />
        <file path="lib/gcc/mingw32/8.2.0/include/c++/debug/bitset" />
        <file path="lib/gcc/mingw32/8.2.0/include/c++/debug/formatter.h" />
        <file path="lib/gcc/mingw32/8.2.0/include/c++/debug/safe_base.h" />
        <file path="lib/gcc/mingw32/8.2.0/include/c++/debug/safe_local_iterator.tcc" />
        <file path="lib/gcc/mingw32/8.2.0/include/c++/debug/unordered_map" />
        <file path="lib/gcc/mingw32/8.2.0/include/c++/cassert" />
        <file path="lib/gcc/mingw32/8.2.0/include/c++/charconv" />
        <file path="lib/gcc/mingw32/8.2.0/include/c++/chrono" />
        <file path="lib/gcc/mingw32/8.2.0/include/c++/stdlib.h" />
        <file path="lib/gcc/mingw32/8.2.0/include/c++/iostream" />
        <file path="lib/gcc/mingw32/8.2.0/include/c++/sstream" />
        <file path="lib/gcc/mingw32/8.2.0/include/c++/type_traits" />
        <file path="lib/gcc/mingw32/8.2.0/include/c++/cstdbool" />
        <file path="lib/gcc/mingw32/8.2.0/include/c++/initializer_list" />
        <file path="lib/gcc/mingw32/8.2.0/include/c++/bitset" />
        <file path="lib/gcc/mingw32/8.2.0/include/c++/atomic" />
        <file path="lib/gcc/mingw32/8.2.0/include/c++/valarray" />
        <file path="lib/gcc/mingw32/8.2.0/include/c++/typeinfo" />
        <file path="lib/gcc/mingw32/8.2.0/include/c++/ratio" />
        <file path="lib/gcc/mingw32/8.2.0/include/c++/unordered_map" />
        <file path="lib/gcc/mingw32/8.2.0/include/c++/ctgmath" />
        <file path="lib/gcc/mingw32/8.2.0/include/c++/tgmath.h" />
        <file path="lib/gcc/mingw32/8.2.0/include/c++/queue" />
        <file path="lib/gcc/mingw32/8.2.0/include/c++/cwchar" />
        <file path="lib/gcc/mingw32/8.2.0/include/c++/algorithm" />
        <dir path="lib/gcc/mingw32/8.2.0/include/c++/parallel" />
        <file path="lib/gcc/mingw32/8.2.0/include/c++/parallel/partition.h" />
        <file path="lib/gcc/mingw32/8.2.0/include/c++/parallel/algobase.h" />
        <file path="lib/gcc/mingw32/8.2.0/include/c++/parallel/checkers.h" />
        <file path="lib/gcc/mingw32/8.2.0/include/c++/parallel/tags.h" />
        <file path="lib/gcc/mingw32/8.2.0/include/c++/parallel/equally_split.h" />
        <file path="lib/gcc/mingw32/8.2.0/include/c++/parallel/queue.h" />
        <file path="lib/gcc/mingw32/8.2.0/include/c++/parallel/settings.h" />
        <file path="lib/gcc/mingw32/8.2.0/include/c++/parallel/features.h" />
        <file path="lib/gcc/mingw32/8.2.0/include/c++/parallel/multiseq_selection.h" />
        <file path="lib/gcc/mingw32/8.2.0/include/c++/parallel/for_each.h" />
        <file path="lib/gcc/mingw32/8.2.0/include/c++/parallel/numericfwd.h" />
        <file path="lib/gcc/mingw32/8.2.0/include/c++/parallel/partial_sum.h" />
        <file path="lib/gcc/mingw32/8.2.0/include/c++/parallel/for_each_selectors.h" />
        <file path="lib/gcc/mingw32/8.2.0/include/c++/parallel/set_operations.h" />
        <file path="lib/gcc/mingw32/8.2.0/include/c++/parallel/omp_loop_static.h" />
        <file path="lib/gcc/mingw32/8.2.0/include/c++/parallel/omp_loop.h" />
        <file path="lib/gcc/mingw32/8.2.0/include/c++/parallel/iterator.h" />
        <file path="lib/gcc/mingw32/8.2.0/include/c++/parallel/unique_copy.h" />
        <file path="lib/gcc/mingw32/8.2.0/include/c++/parallel/algo.h" />
        <file path="lib/gcc/mingw32/8.2.0/include/c++/parallel/numeric" />
        <file path="lib/gcc/mingw32/8.2.0/include/c++/parallel/find_selectors.h" />
        <file path="lib/gcc/mingw32/8.2.0/include/c++/parallel/parallel.h" />
        <file path="lib/gcc/mingw32/8.2.0/include/c++/parallel/sort.h" />
        <file path="lib/gcc/mingw32/8.2.0/include/c++/parallel/random_number.h" />
        <file path="lib/gcc/mingw32/8.2.0/include/c++/parallel/compatibility.h" />
        <file path="lib/gcc/mingw32/8.2.0/include/c++/parallel/types.h" />
        <file path="lib/gcc/mingw32/8.2.0/include/c++/parallel/quicksort.h" />
        <file path="lib/gcc/mingw32/8.2.0/include/c++/parallel/search.h" />
        <file path="lib/gcc/mingw32/8.2.0/include/c++/parallel/find.h" />
        <file path="lib/gcc/mingw32/8.2.0/include/c++/parallel/merge.h" />
        <file path="lib/gcc/mingw32/8.2.0/include/c++/parallel/multiway_merge.h" />
        <file path="lib/gcc/mingw32/8.2.0/include/c++/parallel/base.h" />
        <file path="lib/gcc/mingw32/8.2.0/include/c++/parallel/balanced_quicksort.h" />
        <file path="lib/gcc/mingw32/8.2.0/include/c++/parallel/basic_iterator.h" />
        <file path="lib/gcc/mingw32/8.2.0/include/c++/parallel/random_shuffle.h" />
        <file path="lib/gcc/mingw32/8.2.0/include/c++/parallel/multiway_mergesort.h" />
        <file path="lib/gcc/mingw32/8.2.0/include/c++/parallel/losertree.h" />
        <file path="lib/gcc/mingw32/8.2.0/include/c++/parallel/compiletime_settings.h" />
        <file path="lib/gcc/mingw32/8.2.0/include/c++/parallel/par_loop.h" />
        <file path="lib/gcc/mingw32/8.2.0/include/c++/parallel/workstealing.h" />
        <file path="lib/gcc/mingw32/8.2.0/include/c++/parallel/list_partition.h" />
        <file path="lib/gcc/mingw32/8.2.0/include/c++/parallel/algorithm" />
        <file path="lib/gcc/mingw32/8.2.0/include/c++/parallel/algorithmfwd.h" />
        <file path="lib/gcc/mingw32/8.2.0/libstdc++.a" />
        <file path="lib/gcc/mingw32/8.2.0/libstdc++.dll.a" />
        <file path="lib/gcc/mingw32/8.2.0/libstdc++.dll.a-gdb.py" />
        <file path="lib/gcc/mingw32/8.2.0/libsupc++.a" />
        <dir path="share/gcc-8.2.0/python" />
        <dir path="share/gcc-8.2.0/python/libstdcxx" />
        <file path="share/gcc-8.2.0/python/libstdcxx/__init__.py" />
        <dir path="share/gcc-8.2.0/python/libstdcxx/v6" />
        <file path="share/gcc-8.2.0/python/libstdcxx/v6/xmethods.py" />
        <file path="share/gcc-8.2.0/python/libstdcxx/v6/__init__.py" />
        <file path="share/gcc-8.2.0/python/libstdcxx/v6/printers.py" />
    </manifest>
</package>
