<?xml version="1.0" encoding="UTF-8" standalone="yes" ?>
<package id="manifest-0-040-f2c9-09741a">
    <release tarname="automake1.9-1.9.6-3-mingw32-bin.tar.lzma" />
    <references>
        <sysroot id="sysroot-0-002-a7c6-d7dbb5" />
    </references>
    <manifest>
        <dir path="bin" />
        <file path="bin/aclocal-1.9" />
        <file path="bin/automake-1.9" />
        <dir path="share/aclocal-1.9" />
        <file path="share/aclocal-1.9/amversion.m4" />
        <file path="share/aclocal-1.9/as.m4" />
        <file path="share/aclocal-1.9/auxdir.m4" />
        <file path="share/aclocal-1.9/ccstdc.m4" />
        <file path="share/aclocal-1.9/cond.m4" />
        <file path="share/aclocal-1.9/depend.m4" />
        <file path="share/aclocal-1.9/depout.m4" />
        <file path="share/aclocal-1.9/dmalloc.m4" />
        <file path="share/aclocal-1.9/gcj.m4" />
        <file path="share/aclocal-1.9/header.m4" />
        <file path="share/aclocal-1.9/init.m4" />
        <file path="share/aclocal-1.9/install-sh.m4" />
        <file path="share/aclocal-1.9/lead-dot.m4" />
        <file path="share/aclocal-1.9/lex.m4" />
        <file path="share/aclocal-1.9/lispdir.m4" />
        <file path="share/aclocal-1.9/maintainer.m4" />
        <file path="share/aclocal-1.9/make.m4" />
        <file path="share/aclocal-1.9/minuso.m4" />
        <file path="share/aclocal-1.9/missing.m4" />
        <file path="share/aclocal-1.9/mkdirp.m4" />
        <file path="share/aclocal-1.9/multi.m4" />
        <file path="share/aclocal-1.9/obsol-gt.m4" />
        <file path="share/aclocal-1.9/obsol-lt.m4" />
        <file path="share/aclocal-1.9/obsolete.m4" />
        <file path="share/aclocal-1.9/options.m4" />
        <file path="share/aclocal-1.9/protos.m4" />
        <file path="share/aclocal-1.9/python.m4" />
        <file path="share/aclocal-1.9/regex.m4" />
        <file path="share/aclocal-1.9/runlog.m4" />
        <file path="share/aclocal-1.9/sanity.m4" />
        <file path="share/aclocal-1.9/strip.m4" />
        <file path="share/aclocal-1.9/tar.m4" />
        <dir path="share/automake-1.9" />
        <file path="share/automake-1.9/acinstall" />
        <dir path="share/automake-1.9/am" />
        <file path="share/automake-1.9/am/ansi2knr.am" />
        <file path="share/automake-1.9/am/check.am" />
        <file path="share/automake-1.9/am/clean-hdr.am" />
        <file path="share/automake-1.9/am/clean.am" />
        <file path="share/automake-1.9/am/compile.am" />
        <file path="share/automake-1.9/am/configure.am" />
        <file path="share/automake-1.9/am/data.am" />
        <file path="share/automake-1.9/am/dejagnu.am" />
        <file path="share/automake-1.9/am/depend.am" />
        <file path="share/automake-1.9/am/depend2.am" />
        <file path="share/automake-1.9/am/distdir.am" />
        <file path="share/automake-1.9/am/footer.am" />
        <file path="share/automake-1.9/am/header-vars.am" />
        <file path="share/automake-1.9/am/header.am" />
        <file path="share/automake-1.9/am/inst-vars.am" />
        <file path="share/automake-1.9/am/install.am" />
        <file path="share/automake-1.9/am/java.am" />
        <file path="share/automake-1.9/am/lang-compile.am" />
        <file path="share/automake-1.9/am/lex.am" />
        <file path="share/automake-1.9/am/library.am" />
        <file path="share/automake-1.9/am/libs.am" />
        <file path="share/automake-1.9/am/libtool.am" />
        <file path="share/automake-1.9/am/lisp.am" />
        <file path="share/automake-1.9/am/ltlib.am" />
        <file path="share/automake-1.9/am/ltlibrary.am" />
        <file path="share/automake-1.9/am/mans-vars.am" />
        <file path="share/automake-1.9/am/mans.am" />
        <file path="share/automake-1.9/am/multilib.am" />
        <file path="share/automake-1.9/am/program.am" />
        <file path="share/automake-1.9/am/progs.am" />
        <file path="share/automake-1.9/am/python.am" />
        <file path="share/automake-1.9/am/remake-hdr.am" />
        <file path="share/automake-1.9/am/scripts.am" />
        <file path="share/automake-1.9/am/subdirs.am" />
        <file path="share/automake-1.9/am/tags.am" />
        <file path="share/automake-1.9/am/texi-vers.am" />
        <file path="share/automake-1.9/am/texibuild.am" />
        <file path="share/automake-1.9/am/texinfos.am" />
        <file path="share/automake-1.9/am/yacc.am" />
        <file path="share/automake-1.9/ansi2knr.1" />
        <file path="share/automake-1.9/ansi2knr.c" />
        <dir path="share/automake-1.9/Automake" />
        <file path="share/automake-1.9/Automake/ChannelDefs.pm" />
        <file path="share/automake-1.9/Automake/Channels.pm" />
        <file path="share/automake-1.9/Automake/Condition.pm" />
        <file path="share/automake-1.9/Automake/Config.pm" />
        <file path="share/automake-1.9/Automake/Configure_ac.pm" />
        <file path="share/automake-1.9/Automake/DisjConditions.pm" />
        <file path="share/automake-1.9/Automake/FileUtils.pm" />
        <file path="share/automake-1.9/Automake/General.pm" />
        <file path="share/automake-1.9/Automake/Item.pm" />
        <file path="share/automake-1.9/Automake/ItemDef.pm" />
        <file path="share/automake-1.9/Automake/Location.pm" />
        <file path="share/automake-1.9/Automake/Options.pm" />
        <file path="share/automake-1.9/Automake/Rule.pm" />
        <file path="share/automake-1.9/Automake/RuleDef.pm" />
        <file path="share/automake-1.9/Automake/Struct.pm" />
        <file path="share/automake-1.9/Automake/VarDef.pm" />
        <file path="share/automake-1.9/Automake/Variable.pm" />
        <file path="share/automake-1.9/Automake/Version.pm" />
        <file path="share/automake-1.9/Automake/Wrap.pm" />
        <file path="share/automake-1.9/Automake/XFile.pm" />
        <file path="share/automake-1.9/compile" />
        <file path="share/automake-1.9/config-ml.in" />
        <file path="share/automake-1.9/config.guess" />
        <file path="share/automake-1.9/config.sub" />
        <file path="share/automake-1.9/COPYING" />
        <file path="share/automake-1.9/depcomp" />
        <file path="share/automake-1.9/elisp-comp" />
        <file path="share/automake-1.9/INSTALL" />
        <file path="share/automake-1.9/install-sh" />
        <file path="share/automake-1.9/mdate-sh" />
        <file path="share/automake-1.9/missing" />
        <file path="share/automake-1.9/mkinstalldirs" />
        <file path="share/automake-1.9/py-compile" />
        <file path="share/automake-1.9/symlink-tree" />
        <file path="share/automake-1.9/texinfo.tex" />
        <file path="share/automake-1.9/ylwrap" />
        <dir path="share/aclocal" />
    </manifest>
</package>
