<?xml version="1.0" encoding="UTF-8" standalone="yes" ?>
<package id="manifest-0-040-b647-f4d10f">
    <release tarname="automake1.4-1.4p6-1-mingw32-bin.tar.lzma" />
    <references>
        <sysroot id="sysroot-0-002-a7c6-d7dbb5" />
    </references>
    <manifest>
        <dir path="bin" />
        <file path="bin/aclocal-1.4" />
        <file path="bin/automake-1.4" />
        <dir path="share/aclocal-1.4" />
        <file path="share/aclocal-1.4/amversion.m4" />
        <file path="share/aclocal-1.4/ccstdc.m4" />
        <file path="share/aclocal-1.4/cond.m4" />
        <file path="share/aclocal-1.4/dmalloc.m4" />
        <file path="share/aclocal-1.4/error.m4" />
        <file path="share/aclocal-1.4/header.m4" />
        <file path="share/aclocal-1.4/init.m4" />
        <file path="share/aclocal-1.4/lex.m4" />
        <file path="share/aclocal-1.4/lispdir.m4" />
        <file path="share/aclocal-1.4/maintainer.m4" />
        <file path="share/aclocal-1.4/missing.m4" />
        <file path="share/aclocal-1.4/mktime.m4" />
        <file path="share/aclocal-1.4/multi.m4" />
        <file path="share/aclocal-1.4/obstack.m4" />
        <file path="share/aclocal-1.4/protos.m4" />
        <file path="share/aclocal-1.4/ptrdiff.m4" />
        <file path="share/aclocal-1.4/regex.m4" />
        <file path="share/aclocal-1.4/sanity.m4" />
        <file path="share/aclocal-1.4/strtod.m4" />
        <file path="share/aclocal-1.4/termios.m4" />
        <file path="share/aclocal-1.4/winsz.m4" />
        <dir path="share/automake-1.4" />
        <file path="share/automake-1.4/acinstall" />
        <file path="share/automake-1.4/ansi2knr.1" />
        <file path="share/automake-1.4/ansi2knr.c" />
        <file path="share/automake-1.4/clean-hdr.am" />
        <file path="share/automake-1.4/clean-kr.am" />
        <file path="share/automake-1.4/clean.am" />
        <file path="share/automake-1.4/comp-vars.am" />
        <file path="share/automake-1.4/compile.am" />
        <file path="share/automake-1.4/config.guess" />
        <file path="share/automake-1.4/config.sub" />
        <file path="share/automake-1.4/COPYING" />
        <file path="share/automake-1.4/data-clean.am" />
        <file path="share/automake-1.4/data.am" />
        <file path="share/automake-1.4/dejagnu.am" />
        <file path="share/automake-1.4/depend.am" />
        <file path="share/automake-1.4/depend2.am" />
        <file path="share/automake-1.4/dist-vars.am" />
        <file path="share/automake-1.4/elisp-comp" />
        <file path="share/automake-1.4/footer.am" />
        <file path="share/automake-1.4/header-vars.am" />
        <file path="share/automake-1.4/header.am" />
        <file path="share/automake-1.4/INSTALL" />
        <file path="share/automake-1.4/install-sh" />
        <file path="share/automake-1.4/java-clean.am" />
        <file path="share/automake-1.4/java.am" />
        <file path="share/automake-1.4/kr-extra.am" />
        <file path="share/automake-1.4/library.am" />
        <file path="share/automake-1.4/libs-clean.am" />
        <file path="share/automake-1.4/libs.am" />
        <file path="share/automake-1.4/libtool.am" />
        <file path="share/automake-1.4/lisp-clean.am" />
        <file path="share/automake-1.4/lisp.am" />
        <file path="share/automake-1.4/ltlib-clean.am" />
        <file path="share/automake-1.4/ltlib.am" />
        <file path="share/automake-1.4/ltlibrary.am" />
        <file path="share/automake-1.4/mans-vars.am" />
        <file path="share/automake-1.4/mans.am" />
        <file path="share/automake-1.4/mdate-sh" />
        <file path="share/automake-1.4/missing" />
        <file path="share/automake-1.4/mkinstalldirs" />
        <file path="share/automake-1.4/multilib.am" />
        <file path="share/automake-1.4/program.am" />
        <file path="share/automake-1.4/progs-clean.am" />
        <file path="share/automake-1.4/progs.am" />
        <file path="share/automake-1.4/remake-hdr.am" />
        <file path="share/automake-1.4/remake.am" />
        <file path="share/automake-1.4/scripts.am" />
        <file path="share/automake-1.4/subdirs.am" />
        <file path="share/automake-1.4/tags-clean.am" />
        <file path="share/automake-1.4/tags.am" />
        <file path="share/automake-1.4/texi-vers.am" />
        <file path="share/automake-1.4/texinfo.tex" />
        <file path="share/automake-1.4/texinfos.am" />
        <file path="share/automake-1.4/ylwrap" />
        <dir path="share/aclocal" />
    </manifest>
</package>
