<?xml version="1.0" encoding="UTF-8" standalone="yes" ?>
<package id="manifest-0-040-907b-9bbd43">
    <release tarname="automake1.7-1.7.9-1-mingw32-bin.tar.lzma" />
    <references>
        <sysroot id="sysroot-0-002-a7c6-d7dbb5" />
    </references>
    <manifest>
        <dir path="bin" />
        <file path="bin/aclocal-1.7" />
        <file path="bin/automake-1.7" />
        <dir path="share/aclocal-1.7" />
        <file path="share/aclocal-1.7/amversion.m4" />
        <file path="share/aclocal-1.7/as.m4" />
        <file path="share/aclocal-1.7/auxdir.m4" />
        <file path="share/aclocal-1.7/ccstdc.m4" />
        <file path="share/aclocal-1.7/cond.m4" />
        <file path="share/aclocal-1.7/depend.m4" />
        <file path="share/aclocal-1.7/depout.m4" />
        <file path="share/aclocal-1.7/dmalloc.m4" />
        <file path="share/aclocal-1.7/gcj.m4" />
        <file path="share/aclocal-1.7/header.m4" />
        <file path="share/aclocal-1.7/init.m4" />
        <file path="share/aclocal-1.7/install-sh.m4" />
        <file path="share/aclocal-1.7/lead-dot.m4" />
        <file path="share/aclocal-1.7/lex.m4" />
        <file path="share/aclocal-1.7/lispdir.m4" />
        <file path="share/aclocal-1.7/maintainer.m4" />
        <file path="share/aclocal-1.7/make.m4" />
        <file path="share/aclocal-1.7/minuso.m4" />
        <file path="share/aclocal-1.7/missing.m4" />
        <file path="share/aclocal-1.7/multi.m4" />
        <file path="share/aclocal-1.7/obsol-gt.m4" />
        <file path="share/aclocal-1.7/obsol-lt.m4" />
        <file path="share/aclocal-1.7/obsolete.m4" />
        <file path="share/aclocal-1.7/options.m4" />
        <file path="share/aclocal-1.7/protos.m4" />
        <file path="share/aclocal-1.7/python.m4" />
        <file path="share/aclocal-1.7/regex.m4" />
        <file path="share/aclocal-1.7/runlog.m4" />
        <file path="share/aclocal-1.7/sanity.m4" />
        <file path="share/aclocal-1.7/strip.m4" />
        <dir path="share/automake-1.7" />
        <file path="share/automake-1.7/acinstall" />
        <dir path="share/automake-1.7/am" />
        <file path="share/automake-1.7/am/ansi2knr.am" />
        <file path="share/automake-1.7/am/check.am" />
        <file path="share/automake-1.7/am/clean-hdr.am" />
        <file path="share/automake-1.7/am/clean.am" />
        <file path="share/automake-1.7/am/compile.am" />
        <file path="share/automake-1.7/am/configure.am" />
        <file path="share/automake-1.7/am/data.am" />
        <file path="share/automake-1.7/am/dejagnu.am" />
        <file path="share/automake-1.7/am/depend.am" />
        <file path="share/automake-1.7/am/depend2.am" />
        <file path="share/automake-1.7/am/distdir.am" />
        <file path="share/automake-1.7/am/footer.am" />
        <file path="share/automake-1.7/am/header-vars.am" />
        <file path="share/automake-1.7/am/header.am" />
        <file path="share/automake-1.7/am/install.am" />
        <file path="share/automake-1.7/am/java.am" />
        <file path="share/automake-1.7/am/lang-compile.am" />
        <file path="share/automake-1.7/am/lex.am" />
        <file path="share/automake-1.7/am/library.am" />
        <file path="share/automake-1.7/am/libs.am" />
        <file path="share/automake-1.7/am/libtool.am" />
        <file path="share/automake-1.7/am/lisp.am" />
        <file path="share/automake-1.7/am/ltlib.am" />
        <file path="share/automake-1.7/am/ltlibrary.am" />
        <file path="share/automake-1.7/am/mans-vars.am" />
        <file path="share/automake-1.7/am/mans.am" />
        <file path="share/automake-1.7/am/multilib.am" />
        <file path="share/automake-1.7/am/program.am" />
        <file path="share/automake-1.7/am/progs.am" />
        <file path="share/automake-1.7/am/python.am" />
        <file path="share/automake-1.7/am/remake-hdr.am" />
        <file path="share/automake-1.7/am/scripts.am" />
        <file path="share/automake-1.7/am/subdirs.am" />
        <file path="share/automake-1.7/am/tags.am" />
        <file path="share/automake-1.7/am/texi-vers.am" />
        <file path="share/automake-1.7/am/texibuild.am" />
        <file path="share/automake-1.7/am/texinfos.am" />
        <file path="share/automake-1.7/am/yacc.am" />
        <file path="share/automake-1.7/ansi2knr.1" />
        <file path="share/automake-1.7/ansi2knr.c" />
        <dir path="share/automake-1.7/Automake" />
        <file path="share/automake-1.7/Automake/Channels.pm" />
        <file path="share/automake-1.7/Automake/General.pm" />
        <file path="share/automake-1.7/Automake/Struct.pm" />
        <file path="share/automake-1.7/Automake/XFile.pm" />
        <file path="share/automake-1.7/compile" />
        <file path="share/automake-1.7/config-ml.in" />
        <file path="share/automake-1.7/config.guess" />
        <file path="share/automake-1.7/config.sub" />
        <file path="share/automake-1.7/COPYING" />
        <file path="share/automake-1.7/depcomp" />
        <file path="share/automake-1.7/elisp-comp" />
        <file path="share/automake-1.7/INSTALL" />
        <file path="share/automake-1.7/install-sh" />
        <file path="share/automake-1.7/mdate-sh" />
        <file path="share/automake-1.7/missing" />
        <file path="share/automake-1.7/mkinstalldirs" />
        <file path="share/automake-1.7/py-compile" />
        <file path="share/automake-1.7/symlink-tree" />
        <file path="share/automake-1.7/texinfo.tex" />
        <file path="share/automake-1.7/ylwrap" />
        <dir path="share/aclocal" />
    </manifest>
</package>
