<?xml version="1.0" encoding="UTF-8" standalone="yes" ?>
<package id="manifest-0-037-3e56-9fff46">
    <release tarname="gettext-0.18.3.2-2-mingw32-dev.tar.xz" />
    <references>
        <sysroot id="sysroot-0-002-a7c6-d7dbb5" />
    </references>
    <manifest>
        <dir path="bin" />
        <file path="bin/msgfilter.exe" />
        <file path="bin/msgen.exe" />
        <file path="bin/msggrep.exe" />
        <file path="bin/msgcat.exe" />
        <file path="bin/msgexec.exe" />
        <file path="bin/msguniq.exe" />
        <file path="bin/msgmerge.exe" />
        <file path="bin/msgconv.exe" />
        <file path="bin/xgettext.exe" />
        <file path="bin/msgcmp.exe" />
        <file path="bin/autopoint" />
        <file path="bin/msgcomm.exe" />
        <file path="bin/recode-sr-latin.exe" />
        <file path="bin/msgunfmt.exe" />
        <file path="bin/msgfmt.exe" />
        <file path="bin/gettextize" />
        <file path="bin/msgattrib.exe" />
        <file path="bin/msginit.exe" />
        <dir path="include" />
        <file path="include/gettext-po.h" />
        <file path="include/autosprintf.h" />
        <file path="include/libintl.h" />
        <dir path="lib" />
        <file path="lib/libintl.dll.a" />
        <file path="lib/libgettextlib.dll.a" />
        <file path="lib/libintl.a" />
        <file path="lib/libgettextpo.dll.a" />
        <file path="lib/libgettextpo.a" />
        <file path="lib/libasprintf.dll.a" />
        <file path="lib/libasprintf.a" />
        <file path="lib/libgettextsrc.dll.a" />
        <dir path="lib/gettext" />
        <file path="lib/gettext/urlget.exe" />
        <file path="lib/gettext/hostname.exe" />
        <file path="lib/gettext/project-id" />
        <file path="lib/gettext/user-email" />
        <dir path="share" />
        <dir path="share/aclocal" />
        <file path="share/aclocal/uintmax_t.m4" />
        <file path="share/aclocal/threadlib.m4" />
        <file path="share/aclocal/codeset.m4" />
        <file path="share/aclocal/progtest.m4" />
        <file path="share/aclocal/lock.m4" />
        <file path="share/aclocal/gettext.m4" />
        <file path="share/aclocal/visibility.m4" />
        <file path="share/aclocal/iconv.m4" />
        <file path="share/aclocal/size_max.m4" />
        <file path="share/aclocal/longlong.m4" />
        <file path="share/aclocal/inttypes_h.m4" />
        <file path="share/aclocal/intl.m4" />
        <file path="share/aclocal/intdiv0.m4" />
        <file path="share/aclocal/lib-ld.m4" />
        <file path="share/aclocal/glibc2.m4" />
        <file path="share/aclocal/extern-inline.m4" />
        <file path="share/aclocal/lcmessage.m4" />
        <file path="share/aclocal/xsize.m4" />
        <file path="share/aclocal/fcntl-o.m4" />
        <file path="share/aclocal/intldir.m4" />
        <file path="share/aclocal/stdint_h.m4" />
        <file path="share/aclocal/lib-prefix.m4" />
        <file path="share/aclocal/nls.m4" />
        <file path="share/aclocal/wchar_t.m4" />
        <file path="share/aclocal/intlmacosx.m4" />
        <file path="share/aclocal/wint_t.m4" />
        <file path="share/aclocal/glibc21.m4" />
        <file path="share/aclocal/intmax.m4" />
        <file path="share/aclocal/inttypes-pri.m4" />
        <file path="share/aclocal/po.m4" />
        <file path="share/aclocal/lib-link.m4" />
        <file path="share/aclocal/printf-posix.m4" />
        <dir path="share/locale" />
        <dir path="share/locale/pt_BR" />
        <dir path="share/locale/pt_BR/LC_MESSAGES" />
        <file path="share/locale/pt_BR/LC_MESSAGES/gettext-tools.mo" />
        <dir path="share/locale/vi" />
        <dir path="share/locale/vi/LC_MESSAGES" />
        <file path="share/locale/vi/LC_MESSAGES/gettext-tools.mo" />
        <dir path="share/locale/ro" />
        <dir path="share/locale/ro/LC_MESSAGES" />
        <file path="share/locale/ro/LC_MESSAGES/gettext-tools.mo" />
        <dir path="share/locale/de" />
        <dir path="share/locale/de/LC_MESSAGES" />
        <file path="share/locale/de/LC_MESSAGES/gettext-tools.mo" />
        <dir path="share/locale/ca" />
        <dir path="share/locale/ca/LC_MESSAGES" />
        <file path="share/locale/ca/LC_MESSAGES/gettext-tools.mo" />
        <dir path="share/locale/en@boldquot" />
        <dir path="share/locale/en@boldquot/LC_MESSAGES" />
        <file path="share/locale/en@boldquot/LC_MESSAGES/gettext-tools.mo" />
        <dir path="share/locale/bg" />
        <dir path="share/locale/bg/LC_MESSAGES" />
        <file path="share/locale/bg/LC_MESSAGES/gettext-tools.mo" />
        <dir path="share/locale/nl" />
        <dir path="share/locale/nl/LC_MESSAGES" />
        <file path="share/locale/nl/LC_MESSAGES/gettext-tools.mo" />
        <dir path="share/locale/el" />
        <dir path="share/locale/el/LC_MESSAGES" />
        <file path="share/locale/el/LC_MESSAGES/gettext-tools.mo" />
        <dir path="share/locale/ru" />
        <dir path="share/locale/ru/LC_MESSAGES" />
        <file path="share/locale/ru/LC_MESSAGES/gettext-tools.mo" />
        <dir path="share/locale/es" />
        <dir path="share/locale/es/LC_MESSAGES" />
        <file path="share/locale/es/LC_MESSAGES/gettext-tools.mo" />
        <dir path="share/locale/ja" />
        <dir path="share/locale/ja/LC_MESSAGES" />
        <file path="share/locale/ja/LC_MESSAGES/gettext-tools.mo" />
        <dir path="share/locale/pt" />
        <dir path="share/locale/pt/LC_MESSAGES" />
        <file path="share/locale/pt/LC_MESSAGES/gettext-tools.mo" />
        <dir path="share/locale/pa" />
        <dir path="share/locale/pa/LC_MESSAGES" />
        <file path="share/locale/pa/LC_MESSAGES/gettext-tools.mo" />
        <dir path="share/locale/sv" />
        <dir path="share/locale/sv/LC_MESSAGES" />
        <file path="share/locale/sv/LC_MESSAGES/gettext-tools.mo" />
        <dir path="share/locale/da" />
        <dir path="share/locale/da/LC_MESSAGES" />
        <file path="share/locale/da/LC_MESSAGES/gettext-tools.mo" />
        <dir path="share/locale/nb" />
        <dir path="share/locale/nb/LC_MESSAGES" />
        <file path="share/locale/nb/LC_MESSAGES/gettext-tools.mo" />
        <dir path="share/locale/gl" />
        <dir path="share/locale/gl/LC_MESSAGES" />
        <file path="share/locale/gl/LC_MESSAGES/gettext-tools.mo" />
        <dir path="share/locale/en@quot" />
        <dir path="share/locale/en@quot/LC_MESSAGES" />
        <file path="share/locale/en@quot/LC_MESSAGES/gettext-tools.mo" />
        <dir path="share/locale/ko" />
        <dir path="share/locale/ko/LC_MESSAGES" />
        <file path="share/locale/ko/LC_MESSAGES/gettext-tools.mo" />
        <dir path="share/locale/et" />
        <dir path="share/locale/et/LC_MESSAGES" />
        <file path="share/locale/et/LC_MESSAGES/gettext-tools.mo" />
        <dir path="share/locale/tr" />
        <dir path="share/locale/tr/LC_MESSAGES" />
        <file path="share/locale/tr/LC_MESSAGES/gettext-tools.mo" />
        <dir path="share/locale/cs" />
        <dir path="share/locale/cs/LC_MESSAGES" />
        <file path="share/locale/cs/LC_MESSAGES/gettext-tools.mo" />
        <dir path="share/locale/fi" />
        <dir path="share/locale/fi/LC_MESSAGES" />
        <file path="share/locale/fi/LC_MESSAGES/gettext-tools.mo" />
        <dir path="share/locale/sl" />
        <dir path="share/locale/sl/LC_MESSAGES" />
        <file path="share/locale/sl/LC_MESSAGES/gettext-tools.mo" />
        <dir path="share/locale/id" />
        <dir path="share/locale/id/LC_MESSAGES" />
        <file path="share/locale/id/LC_MESSAGES/gettext-tools.mo" />
        <dir path="share/locale/sk" />
        <dir path="share/locale/sk/LC_MESSAGES" />
        <file path="share/locale/sk/LC_MESSAGES/gettext-tools.mo" />
        <dir path="share/locale/be" />
        <dir path="share/locale/be/LC_MESSAGES" />
        <file path="share/locale/be/LC_MESSAGES/gettext-tools.mo" />
        <dir path="share/locale/eu" />
        <dir path="share/locale/eu/LC_MESSAGES" />
        <file path="share/locale/eu/LC_MESSAGES/gettext-tools.mo" />
        <dir path="share/locale/it" />
        <dir path="share/locale/it/LC_MESSAGES" />
        <file path="share/locale/it/LC_MESSAGES/gettext-tools.mo" />
        <dir path="share/locale/fr" />
        <dir path="share/locale/fr/LC_MESSAGES" />
        <file path="share/locale/fr/LC_MESSAGES/gettext-tools.mo" />
        <dir path="share/locale/nn" />
        <dir path="share/locale/nn/LC_MESSAGES" />
        <file path="share/locale/nn/LC_MESSAGES/gettext-tools.mo" />
        <dir path="share/locale/sr" />
        <dir path="share/locale/sr/LC_MESSAGES" />
        <file path="share/locale/sr/LC_MESSAGES/gettext-tools.mo" />
        <dir path="share/locale/zh_CN" />
        <dir path="share/locale/zh_CN/LC_MESSAGES" />
        <file path="share/locale/zh_CN/LC_MESSAGES/gettext-tools.mo" />
        <dir path="share/locale/pl" />
        <dir path="share/locale/pl/LC_MESSAGES" />
        <file path="share/locale/pl/LC_MESSAGES/gettext-tools.mo" />
        <dir path="share/locale/uk" />
        <dir path="share/locale/uk/LC_MESSAGES" />
        <file path="share/locale/uk/LC_MESSAGES/gettext-tools.mo" />
        <dir path="share/locale/zh_TW" />
        <dir path="share/locale/zh_TW/LC_MESSAGES" />
        <file path="share/locale/zh_TW/LC_MESSAGES/gettext-tools.mo" />
        <dir path="share/gettext" />
        <file path="share/gettext/msgunfmt.tcl" />
        <file path="share/gettext/ABOUT-NLS" />
        <file path="share/gettext/javaversion.class" />
        <file path="share/gettext/archive.dir.tar.xz" />
        <dir path="share/gettext/intl" />
        <file path="share/gettext/intl/xsize.h" />
        <file path="share/gettext/intl/plural.y" />
        <file path="share/gettext/intl/printf-parse.h" />
        <file path="share/gettext/intl/gmo.h" />
        <file path="share/gettext/intl/localealias.c" />
        <file path="share/gettext/intl/vasnwprintf.h" />
        <file path="share/gettext/intl/dngettext.c" />
        <file path="share/gettext/intl/loadmsgcat.c" />
        <file path="share/gettext/intl/textdomain.c" />
        <file path="share/gettext/intl/ngettext.c" />
        <file path="share/gettext/intl/osdep.c" />
        <file path="share/gettext/intl/libintl.rc" />
        <file path="share/gettext/intl/eval-plural.h" />
        <file path="share/gettext/intl/printf.c" />
        <file path="share/gettext/intl/os2compat.c" />
        <file path="share/gettext/intl/dcgettext.c" />
        <file path="share/gettext/intl/localename.c" />
        <file path="share/gettext/intl/dgettext.c" />
        <file path="share/gettext/intl/wprintf-parse.h" />
        <file path="share/gettext/intl/loadinfo.h" />
        <file path="share/gettext/intl/finddomain.c" />
        <file path="share/gettext/intl/relocatable.c" />
        <file path="share/gettext/intl/explodename.c" />
        <file path="share/gettext/intl/dcigettext.c" />
        <file path="share/gettext/intl/plural.c" />
        <file path="share/gettext/intl/Makefile.in" />
        <file path="share/gettext/intl/COPYING.LIB" />
        <file path="share/gettext/intl/gettext.c" />
        <file path="share/gettext/intl/printf-args.c" />
        <file path="share/gettext/intl/hash-string.c" />
        <file path="share/gettext/intl/ref-del.sin" />
        <file path="share/gettext/intl/libgnuintl.in.h" />
        <file path="share/gettext/intl/gettextP.h" />
        <file path="share/gettext/intl/setlocale.c" />
        <file path="share/gettext/intl/xsize.c" />
        <file path="share/gettext/intl/printf-args.h" />
        <file path="share/gettext/intl/tsearch.h" />
        <file path="share/gettext/intl/tsearch.c" />
        <file path="share/gettext/intl/log.c" />
        <file path="share/gettext/intl/localcharset.h" />
        <file path="share/gettext/intl/hash-string.h" />
        <file path="share/gettext/intl/lock.h" />
        <file path="share/gettext/intl/os2compat.h" />
        <file path="share/gettext/intl/plural-exp.c" />
        <file path="share/gettext/intl/version.c" />
        <file path="share/gettext/intl/VERSION" />
        <file path="share/gettext/intl/relocatable.h" />
        <file path="share/gettext/intl/langprefs.c" />
        <file path="share/gettext/intl/l10nflist.c" />
        <file path="share/gettext/intl/locale.alias" />
        <file path="share/gettext/intl/bindtextdom.c" />
        <file path="share/gettext/intl/config.charset" />
        <file path="share/gettext/intl/ChangeLog" />
        <file path="share/gettext/intl/vasnprintf.h" />
        <file path="share/gettext/intl/verify.h" />
        <file path="share/gettext/intl/intl-exports.c" />
        <file path="share/gettext/intl/plural-exp.h" />
        <file path="share/gettext/intl/export.h" />
        <file path="share/gettext/intl/vasnprintf.c" />
        <file path="share/gettext/intl/localcharset.c" />
        <file path="share/gettext/intl/ref-add.sin" />
        <file path="share/gettext/intl/intl-compat.c" />
        <file path="share/gettext/intl/dcngettext.c" />
        <file path="share/gettext/intl/printf-parse.c" />
        <file path="share/gettext/intl/lock.c" />
        <file path="share/gettext/intl/threadlib.c" />
        <file path="share/gettext/config.rpath" />
        <dir path="share/gettext/po" />
        <file path="share/gettext/po/Makevars.template" />
        <file path="share/gettext/po/insert-header.sin" />
        <file path="share/gettext/po/Rules-quot" />
        <file path="share/gettext/po/en@boldquot.header" />
        <file path="share/gettext/po/remove-potcdate.sin" />
        <file path="share/gettext/po/Makefile.in.in" />
        <file path="share/gettext/po/boldquot.sed" />
        <file path="share/gettext/po/quot.sed" />
        <file path="share/gettext/po/en@quot.header" />
        <file path="share/gettext/gettext.h" />
    </manifest>
</package>
