<?xml version="1.0" encoding="UTF-8" standalone="yes" ?>
<package id="manifest-0-038-e37b-d840e2">
    <release tarname="bzip2-1.0.6-1-msys-1.0.17-bin.tar.lzma" />
    <references>
        <sysroot id="sysroot-0-011-664d-7cd9c6" />
    </references>
    <manifest>
        <dir path="bin" />
        <file path="bin/bunzip2.exe" />
        <file path="bin/bzcat.exe" />
        <file path="bin/bzcmp" />
        <file path="bin/bzdiff" />
        <file path="bin/bzegrep" />
        <file path="bin/bzfgrep" />
        <file path="bin/bzgrep" />
        <file path="bin/bzip2.exe" />
        <file path="bin/bzip2recover.exe" />
        <file path="bin/bzless" />
        <file path="bin/bzmore" />
    </manifest>
</package>
