<?xml version="1.0" encoding="UTF-8" standalone="yes" ?>
<package id="manifest-0-040-d7d3-7abb48">
    <release tarname="msysCORE-1.0.19-1-msys-1.0.19-ext.tar.xz" />
    <references>
        <sysroot id="sysroot-0-011-664d-7cd9c6" />
    </references>
    <manifest>
        <file path="bin/cls" />
        <file path="bin/clsb" />
        <file path="bin/cmd" />
        <file path="bin/ftp" />
        <file path="bin/lnkcnv" />
        <file path="bin/mount" />
        <file path="bin/msysinfo" />
        <file path="bin/start" />
        <file path="bin/umount" />
        <file path="bin/which" />
        <file path="msys.bat" />
    </manifest>
</package>
