<?xml version="1.0" encoding="UTF-8" standalone="yes" ?>
<package id="manifest-0-035-59d6-2f6c71">
    <release tarname="gcc-core-8.2.0-3-mingw32-bin.tar.xz" />
    <references>
        <sysroot id="sysroot-0-002-a7c6-d7dbb5" />
    </references>
    <manifest>
        <file path="bin/cpp.exe" />
        <file path="bin/gcc-ar.exe" />
        <file path="bin/gcc-nm.exe" />
        <file path="bin/gcc-ranlib.exe" />
        <file path="bin/gcc.exe" />
        <file path="bin/gcov-dump.exe" />
        <file path="bin/gcov-tool.exe" />
        <file path="bin/gcov.exe" />
        <file path="bin/mingw32-gcc-8.2.0.exe" />
        <file path="bin/mingw32-gcc-ar.exe" />
        <file path="bin/mingw32-gcc-nm.exe" />
        <file path="bin/mingw32-gcc-ranlib.exe" />
        <file path="bin/mingw32-gcc.exe" />
        <file path="libexec/gcc/mingw32/8.2.0/cc1.exe" />
        <file path="libexec/gcc/mingw32/8.2.0/collect2.exe" />
        <file path="libexec/gcc/mingw32/8.2.0/lto-wrapper.exe" />
        <file path="libexec/gcc/mingw32/8.2.0/lto1.exe" />
        <dir path="libexec/gcc/mingw32/8.2.0/install-tools" />
        <file path="libexec/gcc/mingw32/8.2.0/install-tools/mkheaders" />
        <file path="libexec/gcc/mingw32/8.2.0/install-tools/fixincl.exe" />
        <file path="libexec/gcc/mingw32/8.2.0/install-tools/fixinc.sh" />
        <file path="libexec/gcc/mingw32/8.2.0/install-tools/mkinstalldirs" />
        <file path="libexec/gcc/mingw32/8.2.0/liblto_plugin-0.dll" />
        <file path="libexec/gcc/mingw32/8.2.0/liblto_plugin.dll.a" />
        <dir path="lib/gcc/mingw32/8.2.0/include" />
        <file path="lib/gcc/mingw32/8.2.0/include/cetintrin.h" />
        <file path="lib/gcc/mingw32/8.2.0/include/avx512bwintrin.h" />
        <file path="lib/gcc/mingw32/8.2.0/include/rtmintrin.h" />
        <file path="lib/gcc/mingw32/8.2.0/include/vaesintrin.h" />
        <file path="lib/gcc/mingw32/8.2.0/include/avx512ifmavlintrin.h" />
        <file path="lib/gcc/mingw32/8.2.0/include/ia32intrin.h" />
        <file path="lib/gcc/mingw32/8.2.0/include/mmintrin.h" />
        <file path="lib/gcc/mingw32/8.2.0/include/ammintrin.h" />
        <file path="lib/gcc/mingw32/8.2.0/include/avx512vbmi2vlintrin.h" />
        <file path="lib/gcc/mingw32/8.2.0/include/bmmintrin.h" />
        <file path="lib/gcc/mingw32/8.2.0/include/avx512vnnivlintrin.h" />
        <file path="lib/gcc/mingw32/8.2.0/include/prfchwintrin.h" />
        <file path="lib/gcc/mingw32/8.2.0/include/f16cintrin.h" />
        <file path="lib/gcc/mingw32/8.2.0/include/stdfix.h" />
        <file path="lib/gcc/mingw32/8.2.0/include/avx512dqintrin.h" />
        <file path="lib/gcc/mingw32/8.2.0/include/quadmath.h" />
        <dir path="lib/gcc/mingw32/8.2.0/include/ssp" />
        <file path="lib/gcc/mingw32/8.2.0/include/ssp/ssp.h" />
        <file path="lib/gcc/mingw32/8.2.0/include/ssp/unistd.h" />
        <file path="lib/gcc/mingw32/8.2.0/include/ssp/string.h" />
        <file path="lib/gcc/mingw32/8.2.0/include/ssp/stdio.h" />
        <file path="lib/gcc/mingw32/8.2.0/include/movdirintrin.h" />
        <file path="lib/gcc/mingw32/8.2.0/include/avx512vpopcntdqvlintrin.h" />
        <file path="lib/gcc/mingw32/8.2.0/include/immintrin.h" />
        <file path="lib/gcc/mingw32/8.2.0/include/stdalign.h" />
        <file path="lib/gcc/mingw32/8.2.0/include/mwaitxintrin.h" />
        <file path="lib/gcc/mingw32/8.2.0/include/xsaveoptintrin.h" />
        <file path="lib/gcc/mingw32/8.2.0/include/avx512erintrin.h" />
        <file path="lib/gcc/mingw32/8.2.0/include/avx5124vnniwintrin.h" />
        <file path="lib/gcc/mingw32/8.2.0/include/bmiintrin.h" />
        <file path="lib/gcc/mingw32/8.2.0/include/quadmath_weak.h" />
        <file path="lib/gcc/mingw32/8.2.0/include/avx512fintrin.h" />
        <file path="lib/gcc/mingw32/8.2.0/include/bmi2intrin.h" />
        <file path="lib/gcc/mingw32/8.2.0/include/xmmintrin.h" />
        <file path="lib/gcc/mingw32/8.2.0/include/cross-stdarg.h" />
        <file path="lib/gcc/mingw32/8.2.0/include/fma4intrin.h" />
        <file path="lib/gcc/mingw32/8.2.0/include/gfniintrin.h" />
        <file path="lib/gcc/mingw32/8.2.0/include/avx512cdintrin.h" />
        <file path="lib/gcc/mingw32/8.2.0/include/avx512vlintrin.h" />
        <file path="lib/gcc/mingw32/8.2.0/include/avx512vldqintrin.h" />
        <file path="lib/gcc/mingw32/8.2.0/include/cpuid.h" />
        <file path="lib/gcc/mingw32/8.2.0/include/adxintrin.h" />
        <file path="lib/gcc/mingw32/8.2.0/include/xsavesintrin.h" />
        <file path="lib/gcc/mingw32/8.2.0/include/clzerointrin.h" />
        <file path="lib/gcc/mingw32/8.2.0/include/xsavecintrin.h" />
        <file path="lib/gcc/mingw32/8.2.0/include/stdarg.h" />
        <file path="lib/gcc/mingw32/8.2.0/include/avx2intrin.h" />
        <file path="lib/gcc/mingw32/8.2.0/include/clwbintrin.h" />
        <file path="lib/gcc/mingw32/8.2.0/include/fxsrintrin.h" />
        <file path="lib/gcc/mingw32/8.2.0/include/smmintrin.h" />
        <file path="lib/gcc/mingw32/8.2.0/include/avx512vbmiintrin.h" />
        <file path="lib/gcc/mingw32/8.2.0/include/omp.h" />
        <file path="lib/gcc/mingw32/8.2.0/include/cet.h" />
        <file path="lib/gcc/mingw32/8.2.0/include/avx512vbmi2intrin.h" />
        <file path="lib/gcc/mingw32/8.2.0/include/openacc.h" />
        <file path="lib/gcc/mingw32/8.2.0/include/unwind.h" />
        <file path="lib/gcc/mingw32/8.2.0/include/avx512vpopcntdqintrin.h" />
        <file path="lib/gcc/mingw32/8.2.0/include/stdnoreturn.h" />
        <file path="lib/gcc/mingw32/8.2.0/include/tmmintrin.h" />
        <file path="lib/gcc/mingw32/8.2.0/include/stdatomic.h" />
        <file path="lib/gcc/mingw32/8.2.0/include/stddef.h" />
        <file path="lib/gcc/mingw32/8.2.0/include/avx512vbmivlintrin.h" />
        <file path="lib/gcc/mingw32/8.2.0/include/xtestintrin.h" />
        <file path="lib/gcc/mingw32/8.2.0/include/shaintrin.h" />
        <file path="lib/gcc/mingw32/8.2.0/include/fmaintrin.h" />
        <file path="lib/gcc/mingw32/8.2.0/include/float.h" />
        <file path="lib/gcc/mingw32/8.2.0/include/avx5124fmapsintrin.h" />
        <file path="lib/gcc/mingw32/8.2.0/include/lzcntintrin.h" />
        <file path="lib/gcc/mingw32/8.2.0/include/xopintrin.h" />
        <file path="lib/gcc/mingw32/8.2.0/include/tbmintrin.h" />
        <file path="lib/gcc/mingw32/8.2.0/include/emmintrin.h" />
        <file path="lib/gcc/mingw32/8.2.0/include/avx512bitalgintrin.h" />
        <file path="lib/gcc/mingw32/8.2.0/include/stdint.h" />
        <file path="lib/gcc/mingw32/8.2.0/include/x86intrin.h" />
        <file path="lib/gcc/mingw32/8.2.0/include/vpclmulqdqintrin.h" />
        <file path="lib/gcc/mingw32/8.2.0/include/stdbool.h" />
        <file path="lib/gcc/mingw32/8.2.0/include/iso646.h" />
        <file path="lib/gcc/mingw32/8.2.0/include/pkuintrin.h" />
        <file path="lib/gcc/mingw32/8.2.0/include/avxintrin.h" />
        <file path="lib/gcc/mingw32/8.2.0/include/nmmintrin.h" />
        <file path="lib/gcc/mingw32/8.2.0/include/avx512vnniintrin.h" />
        <file path="lib/gcc/mingw32/8.2.0/include/clflushoptintrin.h" />
        <file path="lib/gcc/mingw32/8.2.0/include/sgxintrin.h" />
        <file path="lib/gcc/mingw32/8.2.0/include/mm_malloc.h" />
        <file path="lib/gcc/mingw32/8.2.0/include/gcov.h" />
        <file path="lib/gcc/mingw32/8.2.0/include/avx512pfintrin.h" />
        <file path="lib/gcc/mingw32/8.2.0/include/wmmintrin.h" />
        <file path="lib/gcc/mingw32/8.2.0/include/rdseedintrin.h" />
        <file path="lib/gcc/mingw32/8.2.0/include/pconfigintrin.h" />
        <file path="lib/gcc/mingw32/8.2.0/include/mm3dnow.h" />
        <file path="lib/gcc/mingw32/8.2.0/include/lwpintrin.h" />
        <file path="lib/gcc/mingw32/8.2.0/include/wbnoinvdintrin.h" />
        <file path="lib/gcc/mingw32/8.2.0/include/pmmintrin.h" />
        <file path="lib/gcc/mingw32/8.2.0/include/xsaveintrin.h" />
        <file path="lib/gcc/mingw32/8.2.0/include/varargs.h" />
        <file path="lib/gcc/mingw32/8.2.0/include/popcntintrin.h" />
        <file path="lib/gcc/mingw32/8.2.0/include/avx512ifmaintrin.h" />
        <file path="lib/gcc/mingw32/8.2.0/include/avx512vlbwintrin.h" />
        <file path="lib/gcc/mingw32/8.2.0/include/tgmath.h" />
        <file path="lib/gcc/mingw32/8.2.0/include/stdint-gcc.h" />
        <dir path="lib/gcc/mingw32/8.2.0/include-fixed" />
        <file path="lib/gcc/mingw32/8.2.0/include-fixed/limits.h" />
        <file path="lib/gcc/mingw32/8.2.0/include-fixed/README" />
        <file path="lib/gcc/mingw32/8.2.0/include-fixed/syslimits.h" />
        <file path="lib/gcc/mingw32/8.2.0/crtbegin.o" />
        <file path="lib/gcc/mingw32/8.2.0/crtend.o" />
        <file path="lib/gcc/mingw32/8.2.0/crtfastmath.o" />
        <file path="lib/gcc/mingw32/8.2.0/libatomic.a" />
        <file path="lib/gcc/mingw32/8.2.0/libatomic.dll.a" />
        <file path="lib/gcc/mingw32/8.2.0/libgcc.a" />
        <file path="lib/gcc/mingw32/8.2.0/libgcc_eh.a" />
        <file path="lib/gcc/mingw32/8.2.0/libgcc_s.a" />
        <file path="lib/gcc/mingw32/8.2.0/libgcov.a" />
        <file path="lib/gcc/mingw32/8.2.0/libgomp.a" />
        <file path="lib/gcc/mingw32/8.2.0/libgomp.dll.a" />
        <file path="lib/gcc/mingw32/8.2.0/libquadmath.a" />
        <file path="lib/gcc/mingw32/8.2.0/libquadmath.dll.a" />
        <file path="lib/gcc/mingw32/8.2.0/libssp.a" />
        <file path="lib/gcc/mingw32/8.2.0/libssp.dll.a" />
        <file path="lib/gcc/mingw32/8.2.0/libssp_nonshared.a" />
        <file path="lib/gcc/mingw32/8.2.0/libgomp.spec" />
    </manifest>
</package>
