<?xml version="1.0" encoding="UTF-8" standalone="yes"?>
<software-distribution project="MinGW" home="http://www.mingw.org" issue="2019021100">

  <!-- File: mingw32-binutils.xml ~~ mingw-get package description for GNU binutils -->

  <package-collection subsystem="mingw32">
    <download-host uri="http://osdn.net/dl/mingw/%F" />

    <package name="mingw32-binutils" alias="binutils">
      <affiliate group="MinGW Compiler Suite" />
      <description lang="en" title="The GNU Binary File Utilities">
        <paragraph> This is a required component of the MinGW Compiler Suite.
        </paragraph>
        <paragraph>This package provides the GNU assembler, linker, archive
          librarian, and other utilities for manipulating object format files.
        </paragraph>
        <paragraph>This package is enhanced by the libiconv and gettext DLL if
          they are installed.  It does not require them to operate.
        </paragraph>
      </description>

      <source tarname="binutils-%-mingw32-src.tar.%" />
      <licence tarname="binutils-%-mingw32-lic.tar.%" />

      <component class="bin">
        <requires eq="mingw32-libintl-*-mingw32-*-dll-8.tar" />
        <release tarname="binutils-2.32-1-mingw32-bin.tar.xz" />
        <release tarname="binutils-2.31.1-2-mingw32-bin.tar.xz" />
        <release tarname="binutils-2.31.1-1-mingw32-bin.tar.xz" />
        <release tarname="binutils-2.28-1-mingw32-bin.tar.xz" />
      </component>

      <component class="dev">
        <release tarname="binutils-2.32-1-mingw32-dev.tar.xz" />
        <release tarname="binutils-2.31.1-2-mingw32-dev.tar.xz" />
        <release tarname="binutils-2.31.1-1-mingw32-dev.tar.xz" />
        <release tarname="binutils-2.28-1-mingw32-dev.tar.xz" />
      </component>

      <component class="doc">
        <description lang="en">
          <paragraph>As of release 2.24-1, this "doc" component package has
            been superseded by the "info" and "man" component packages; this
            component package now delivers no content, will not be updated
            for subsequent releases, and may be safely removed.
          </paragraph>
        </description>
        <release tarname="binutils-2.24-1-mingw32-doc.tar.xz">
          <download tarname="none" />
        </release>
      </component>

      <component class="info">
        <release tarname="binutils-2.32-1-mingw32-info.tar.xz" />
        <release tarname="binutils-2.31.1-2-mingw32-info.tar.xz" />
        <release tarname="binutils-2.31.1-1-mingw32-info.tar.xz" />
        <release tarname="binutils-2.28-1-mingw32-info.tar.xz" />
      </component>

      <component class="man">
        <release tarname="binutils-2.32-1-mingw32-man.tar.xz" />
        <release tarname="binutils-2.31.1-2-mingw32-man.tar.xz" />
        <release tarname="binutils-2.31.1-1-mingw32-man.tar.xz" />
        <release tarname="binutils-2.28-1-mingw32-man.tar.xz" />
      </component>

      <component class="lang">
        <release tarname="binutils-2.32-1-mingw32-lang.tar.xz" />
        <release tarname="binutils-2.31.1-2-mingw32-lang.tar.xz" />
        <release tarname="binutils-2.31.1-1-mingw32-lang.tar.xz" />
        <release tarname="binutils-2.28-1-mingw32-lang.tar.xz" />
      </component>
    </package>

  </package-collection>
</software-distribution>

<!-- vim: set nocompatible expandtab showcmd tabstop=2 shiftwidth=2: -->
<!-- vim: set fileformat=unix textwidth=80: -->
